"path","nome_arquivo"
"gera_index_llpc_fotos.py","gera_index_llpc_fotos.py"
"llpc-fotos-index.csv","llpc-fotos-index.csv"
"catalogo/index.json","index.json"
"catalogo/kit-a-bela-e-a-fera.json","kit-a-bela-e-a-fera.json"
"catalogo/kit-hot-wheels.json","kit-hot-wheels.json"
"docs/index.html","index.html"
"docs/index.js","index.js"
"docs/kits.json","kits.json"
"docs/linhas.html","linhas.html"
"docs/LLPC-Logo-360x100.png","LLPC-Logo-360x100.png"
"docs/lp-tema.html","lp-tema.html"
"docs/lp-tema.js","lp-tema.js"
"docs/precos.json","precos.json"
"docs/promos.json","promos.json"
"docs/assets/.gitkeep",".gitkeep"
"docs/assets/LLPC-Logo-360x100.png","LLPC-Logo-360x100.png"
"docs/catalogo/index.json","index.json"
"docs/catalogo/kit-a-bela-e-a-fera.json","kit-a-bela-e-a-fera.json"
"docs/catalogo/kit-hot-wheels.json","kit-hot-wheels.json"
"Kit A Bela e a Fera/Kit A Bela e a Fera/Kit 01 - Essencial/LLPC-C-E-a-bela-e-a-fera-hero-LLPC-F-C+LLPC-CL-MT-E+LLPC-CL-PM-E+LLPC-CL-PM-E+LLPC-CL-PM-E+LLPC-CL-PM-E+LLPC-TT-C.jpg","LLPC-C-E-a-bela-e-a-fera-hero-LLPC-F-C+LLPC-CL-MT-E+LLPC-CL-PM-E+LLPC-CL-PM-E+LLPC-CL-PM-E+LLPC-CL-PM-E+LLPC-TT-C.jpg"
"Kit A Bela e a Fera/Kit A Bela e a Fera/Kit 01 - Essencial/LLPC-C-E-a-bela-e-a-fera-hero-LLPC-TT-C+LLPC-F-C+LLPC-CL-MT-E+LLPC-CL-MT-E+LLPC-CL-MT-E+LLPC-CL-MT-E+LLPC-TB-E..jpg","LLPC-C-E-a-bela-e-a-fera-hero-LLPC-TT-C+LLPC-F-C+LLPC-CL-MT-E+LLPC-CL-MT-E+LLPC-CL-MT-E+LLPC-CL-MT-E+LLPC-TB-E..jpg"
"Kit A Bela e a Fera/Kit A Bela e a Fera/Kit 01 - Essencial/Caixa em Pé Essencial/LLPC-CL-E-CP-a-bela-e-a-fera-angulo3-4-LLPC-CL-MT-E-ou-LLPC-CL-PM-E.jpg","LLPC-CL-E-CP-a-bela-e-a-fera-angulo3-4-LLPC-CL-MT-E-ou-LLPC-CL-PM-E.jpg"
"Kit A Bela e a Fera/Kit A Bela e a Fera/Kit 01 - Essencial/Caixa em Pé Essencial/LLPC-CL-E-CP-a-bela-e-a-fera-detalhe-LLPC-CL-MT-E-ou-LLPC-CL-PM-E.jpg","LLPC-CL-E-CP-a-bela-e-a-fera-detalhe-LLPC-CL-MT-E-ou-LLPC-CL-PM-E.jpg"
"Kit A Bela e a Fera/Kit A Bela e a Fera/Kit 01 - Essencial/Caixa em Pé Essencial/LLPC-CL-E-CP-a-bela-e-a-fera-escala-LLPC-CL-MT-E-ou-LLPC-CL-PM-E.jpg","LLPC-CL-E-CP-a-bela-e-a-fera-escala-LLPC-CL-MT-E-ou-LLPC-CL-PM-E.jpg"
"Kit A Bela e a Fera/Kit A Bela e a Fera/Kit 01 - Essencial/Caixa em Pé Essencial/LLPC-CL-E-CP-a-bela-e-a-fera-hero-LLPC-CL-MT-E-ou-LLPC-CL-PM-E.jpg","LLPC-CL-E-CP-a-bela-e-a-fera-hero-LLPC-CL-MT-E-ou-LLPC-CL-PM-E.jpg"
"Kit A Bela e a Fera/Kit A Bela e a Fera/Kit 01 - Essencial/Caixa em Pé Essencial/LLPC-CL-E-CP-a-bela-e-a-fera-lateral-LLPC-CL-MT-E-ou-LLPC-CL-PM-E.jpg","LLPC-CL-E-CP-a-bela-e-a-fera-lateral-LLPC-CL-MT-E-ou-LLPC-CL-PM-E.jpg"
"Kit A Bela e a Fera/Kit A Bela e a Fera/Kit 01 - Essencial/Caixa em Pé Essencial/LLPC-CL-E-CP-a-bela-e-a-fera-verso-LLPC-CL-MT-E-ou-LLPC-CL-PM-E.jpg","LLPC-CL-E-CP-a-bela-e-a-fera-verso-LLPC-CL-MT-E-ou-LLPC-CL-PM-E.jpg"
"Kit A Bela e a Fera/Kit A Bela e a Fera/Kit 01 - Essencial/Caixa Milk Essencial/LLPC-CL-E-MK-a-bela-e-a-fera-angulo3-4-LLPC-CL-MT-E-ou-LLPC-CL-PM-E.jpg","LLPC-CL-E-MK-a-bela-e-a-fera-angulo3-4-LLPC-CL-MT-E-ou-LLPC-CL-PM-E.jpg"
"Kit A Bela e a Fera/Kit A Bela e a Fera/Kit 01 - Essencial/Caixa Milk Essencial/LLPC-CL-E-MK-a-bela-e-a-fera-detalhe-LLPC-CL-MT-E-ou-LLPC-CL-PM-E.jpg","LLPC-CL-E-MK-a-bela-e-a-fera-detalhe-LLPC-CL-MT-E-ou-LLPC-CL-PM-E.jpg"
"Kit A Bela e a Fera/Kit A Bela e a Fera/Kit 01 - Essencial/Caixa Milk Essencial/LLPC-CL-E-MK-a-bela-e-a-fera-escala-LLPC-CL-MT-E-ou-LLPC-CL-PM-E.jpg","LLPC-CL-E-MK-a-bela-e-a-fera-escala-LLPC-CL-MT-E-ou-LLPC-CL-PM-E.jpg"
"Kit A Bela e a Fera/Kit A Bela e a Fera/Kit 01 - Essencial/Caixa Milk Essencial/LLPC-CL-E-MK-a-bela-e-a-fera-hero-LLPC-CL-MT-E-ou-LLPC-CL-PM-E.jpg","LLPC-CL-E-MK-a-bela-e-a-fera-hero-LLPC-CL-MT-E-ou-LLPC-CL-PM-E.jpg"
"Kit A Bela e a Fera/Kit A Bela e a Fera/Kit 01 - Essencial/Caixa Milk Essencial/LLPC-CL-E-MK-a-bela-e-a-fera-variacao-LLPC-CL-MT-E-ou-LLPC-CL-PM-E.jpg","LLPC-CL-E-MK-a-bela-e-a-fera-variacao-LLPC-CL-MT-E-ou-LLPC-CL-PM-E.jpg"
"Kit A Bela e a Fera/Kit A Bela e a Fera/Kit 01 - Essencial/Caixa Milk Essencial/LLPC-CL-E-MK-a-bela-e-a-fera-verso-LLPC-CL-MT-E-ou-LLPC-CL-PM-E.jpg","LLPC-CL-E-MK-a-bela-e-a-fera-verso-LLPC-CL-MT-E-ou-LLPC-CL-PM-E.jpg"
"Kit A Bela e a Fera/Kit A Bela e a Fera/Kit 01 - Essencial/Caixa Pirâmide Essencial/LLPC-CL-E-P-a-bela-e-a-fera-angulo3-4-LLPC-CL-MT-E-ou-LLPC-CL-PM-E.jpg","LLPC-CL-E-P-a-bela-e-a-fera-angulo3-4-LLPC-CL-MT-E-ou-LLPC-CL-PM-E.jpg"
"Kit A Bela e a Fera/Kit A Bela e a Fera/Kit 01 - Essencial/Caixa Pirâmide Essencial/LLPC-CL-E-P-a-bela-e-a-fera-detalhe-LLPC-CL-MT-E-ou-LLPC-CL-PM-E.jpg","LLPC-CL-E-P-a-bela-e-a-fera-detalhe-LLPC-CL-MT-E-ou-LLPC-CL-PM-E.jpg"
"Kit A Bela e a Fera/Kit A Bela e a Fera/Kit 01 - Essencial/Caixa Pirâmide Essencial/LLPC-CL-E-P-a-bela-e-a-fera-escala-LLPC-CL-MT-E-ou-LLPC-CL-PM-E.jpg","LLPC-CL-E-P-a-bela-e-a-fera-escala-LLPC-CL-MT-E-ou-LLPC-CL-PM-E.jpg"
"Kit A Bela e a Fera/Kit A Bela e a Fera/Kit 01 - Essencial/Caixa Pirâmide Essencial/LLPC-CL-E-P-a-bela-e-a-fera-hero-LLPC-CL-MT-E-ou-LLPC-CL-PM-E.jpg","LLPC-CL-E-P-a-bela-e-a-fera-hero-LLPC-CL-MT-E-ou-LLPC-CL-PM-E.jpg"
"Kit A Bela e a Fera/Kit A Bela e a Fera/Kit 01 - Essencial/Caixa Pirâmide Essencial/LLPC-CL-E-P-a-bela-e-a-fera-variacao-LLPC-CL-MT-E-ou-LLPC-CL-PM-E.jpg","LLPC-CL-E-P-a-bela-e-a-fera-variacao-LLPC-CL-MT-E-ou-LLPC-CL-PM-E.jpg"
"Kit A Bela e a Fera/Kit A Bela e a Fera/Kit 01 - Essencial/Caixa Pirâmide Essencial/LLPC-CL-E-P-a-bela-e-a-fera-verso-LLPC-CL-MT-E-ou-LLPC-CL-PM-E.jpg","LLPC-CL-E-P-a-bela-e-a-fera-verso-LLPC-CL-MT-E-ou-LLPC-CL-PM-E.jpg"
"Kit A Bela e a Fera/Kit A Bela e a Fera/Kit 01 - Essencial/Caixa Tubete Essencial/LLPC-CL-E-T-a-bela-e-a-fera-detalhe-LLPC-CL-MT-E-ou-LLPC-CL-PM-E.jpg","LLPC-CL-E-T-a-bela-e-a-fera-detalhe-LLPC-CL-MT-E-ou-LLPC-CL-PM-E.jpg"
"Kit A Bela e a Fera/Kit A Bela e a Fera/Kit 01 - Essencial/Caixa Tubete Essencial/LLPC-CL-E-T-a-bela-e-a-fera-escala-LLPC-CL-MT-E-ou-LLPC-CL-PM-E.jpg","LLPC-CL-E-T-a-bela-e-a-fera-escala-LLPC-CL-MT-E-ou-LLPC-CL-PM-E.jpg"
"Kit A Bela e a Fera/Kit A Bela e a Fera/Kit 01 - Essencial/Caixa Tubete Essencial/LLPC-CL-E-T-a-bela-e-a-fera-hero-LLPC-CL-MT-E-ou-LLPC-CL-PM-E(1).jpg","LLPC-CL-E-T-a-bela-e-a-fera-hero-LLPC-CL-MT-E-ou-LLPC-CL-PM-E(1).jpg"
"Kit A Bela e a Fera/Kit A Bela e a Fera/Kit 01 - Essencial/Caixa Tubete Essencial/LLPC-CL-E-T-a-bela-e-a-fera-hero-LLPC-CL-MT-E-ou-LLPC-CL-PM-E.jpg","LLPC-CL-E-T-a-bela-e-a-fera-hero-LLPC-CL-MT-E-ou-LLPC-CL-PM-E.jpg"
"Kit A Bela e a Fera/Kit A Bela e a Fera/Kit 01 - Essencial/Caixa Tubete Essencial/LLPC-CL-E-T-a-bela-e-a-fera-variacao-LLPC-CL-MT-E-ou-LLPC-CL-PM-E.jpg","LLPC-CL-E-T-a-bela-e-a-fera-variacao-LLPC-CL-MT-E-ou-LLPC-CL-PM-E.jpg"
"Kit A Bela e a Fera/Kit A Bela e a Fera/Kit 01 - Essencial/Caixa Tubete Essencial/LLPC-CL-E-T-a-bela-e-a-fera-verso-LLPC-CL-MT-E-ou-LLPC-CL-PM-E.jpg","LLPC-CL-E-T-a-bela-e-a-fera-verso-LLPC-CL-MT-E-ou-LLPC-CL-PM-E.jpg"
"Kit A Bela e a Fera/Kit A Bela e a Fera/Kit 01 - Essencial/Forminha Essencial/LLPC-F-C-a-bela-e-a-fera-hero-LLPC-F-C.jpg","LLPC-F-C-a-bela-e-a-fera-hero-LLPC-F-C.jpg"
"Kit A Bela e a Fera/Kit A Bela e a Fera/Kit 01 - Essencial/Forminha Essencial/LLPC-F-C-a-bela-e-a-fera-verso-LLPC-F-C.jpg","LLPC-F-C-a-bela-e-a-fera-verso-LLPC-F-C.jpg"
"Kit A Bela e a Fera/Kit A Bela e a Fera/Kit 01 - Essencial/Topo de Bolo Essencial/LLPC-TB-E-a-bela-e-a-fera-angulo3-4-LLPC-TB-E.jpg","LLPC-TB-E-a-bela-e-a-fera-angulo3-4-LLPC-TB-E.jpg"
"Kit A Bela e a Fera/Kit A Bela e a Fera/Kit 01 - Essencial/Topo de Bolo Essencial/LLPC-TB-E-a-bela-e-a-fera-detalhe-LLPC-TB-E.jpg","LLPC-TB-E-a-bela-e-a-fera-detalhe-LLPC-TB-E.jpg"
"Kit A Bela e a Fera/Kit A Bela e a Fera/Kit 01 - Essencial/Topo de Bolo Essencial/LLPC-TB-E-a-bela-e-a-fera-escala-LLPC-TB-E.jpg","LLPC-TB-E-a-bela-e-a-fera-escala-LLPC-TB-E.jpg"
"Kit A Bela e a Fera/Kit A Bela e a Fera/Kit 01 - Essencial/Topo de Bolo Essencial/LLPC-TB-E-a-bela-e-a-fera-hero-LLPC-TB-E.jpg","LLPC-TB-E-a-bela-e-a-fera-hero-LLPC-TB-E.jpg"
"Kit A Bela e a Fera/Kit A Bela e a Fera/Kit 01 - Essencial/Topo de Bolo Essencial/LLPC-TB-E-a-bela-e-a-fera-variacao-LLPC-TB-E.jpg","LLPC-TB-E-a-bela-e-a-fera-variacao-LLPC-TB-E.jpg"
"Kit A Bela e a Fera/Kit A Bela e a Fera/Kit 01 - Essencial/Topo de Bolo Essencial/LLPC-TB-E-a-bela-e-a-fera-verso-LLPC-TB-E.jpg","LLPC-TB-E-a-bela-e-a-fera-verso-LLPC-TB-E.jpg"
"Kit A Bela e a Fera/Kit A Bela e a Fera/Kit 01 - Essencial/Topper Essencial/LLPC-TT-C-a-bela-e-a-fera-angulo3-4-LLPC-TT-C.jpg","LLPC-TT-C-a-bela-e-a-fera-angulo3-4-LLPC-TT-C.jpg"
"Kit A Bela e a Fera/Kit A Bela e a Fera/Kit 01 - Essencial/Topper Essencial/LLPC-TT-C-a-bela-e-a-fera-escala-LLPC-TT-C.jpg","LLPC-TT-C-a-bela-e-a-fera-escala-LLPC-TT-C.jpg"
"Kit A Bela e a Fera/Kit A Bela e a Fera/Kit 01 - Essencial/Topper Essencial/LLPC-TT-C-a-bela-e-a-fera-hero-LLPC-TT-C.jpg","LLPC-TT-C-a-bela-e-a-fera-hero-LLPC-TT-C.jpg"
"Kit A Bela e a Fera/Kit A Bela e a Fera/Kit 01 - Essencial/Topper Essencial/LLPC-TT-C-a-bela-e-a-fera-verso-LLPC-TT-C.jpg","LLPC-TT-C-a-bela-e-a-fera-verso-LLPC-TT-C.jpg"
"Kit A Bela e a Fera/Kit A Bela e a Fera/Kit 02 - Clássico/LLPC-C-C-a-bela-e-a-fera-hero-LLPC-CL-MT-C+LLPC-CL-MT-C+LLPC-CL-MT-C+LLPC-CL-MT-C+LLPC-TB-C+LLPC-TT-C+LLPC-F-C.jpg","LLPC-C-C-a-bela-e-a-fera-hero-LLPC-CL-MT-C+LLPC-CL-MT-C+LLPC-CL-MT-C+LLPC-CL-MT-C+LLPC-TB-C+LLPC-TT-C+LLPC-F-C.jpg"
"Kit A Bela e a Fera/Kit A Bela e a Fera/Kit 02 - Clássico/LLPC-C-C-a-bela-e-a-fera-hero-LLPC-CL-PM-C+LLPC-CL-PM-C+LLPC-CL-PM-C+LLPC-CL-PM-C+LLPC-TB-C+LLPC-TT-C+LLPC-F-C.jpg","LLPC-C-C-a-bela-e-a-fera-hero-LLPC-CL-PM-C+LLPC-CL-PM-C+LLPC-CL-PM-C+LLPC-CL-PM-C+LLPC-TB-C+LLPC-TT-C+LLPC-F-C.jpg"
"Kit A Bela e a Fera/Kit A Bela e a Fera/Kit 02 - Clássico/Caixa Milk Clássico/LLPC-CL-C-MK-a-bela-e-a-fera-angulo3-4-LLPC-CL-MT-C-ou-LLPC-CL-PM-C.jpg","LLPC-CL-C-MK-a-bela-e-a-fera-angulo3-4-LLPC-CL-MT-C-ou-LLPC-CL-PM-C.jpg"
"Kit A Bela e a Fera/Kit A Bela e a Fera/Kit 02 - Clássico/Caixa Milk Clássico/LLPC-CL-C-MK-a-bela-e-a-fera-detalhe-LLPC-CL-MT-C-ou-LLPC-CL-PM-C.jpg","LLPC-CL-C-MK-a-bela-e-a-fera-detalhe-LLPC-CL-MT-C-ou-LLPC-CL-PM-C.jpg"
"Kit A Bela e a Fera/Kit A Bela e a Fera/Kit 02 - Clássico/Caixa Milk Clássico/LLPC-CL-C-MK-a-bela-e-a-fera-escala-LLPC-CL-MT-C-ou-LLPC-CL-PM-C.jpg","LLPC-CL-C-MK-a-bela-e-a-fera-escala-LLPC-CL-MT-C-ou-LLPC-CL-PM-C.jpg"
"Kit A Bela e a Fera/Kit A Bela e a Fera/Kit 02 - Clássico/Caixa Milk Clássico/LLPC-CL-C-MK-a-bela-e-a-fera-hero-LLPC-CL-MT-C-ou-LLPC-CL-PM-C.jpg","LLPC-CL-C-MK-a-bela-e-a-fera-hero-LLPC-CL-MT-C-ou-LLPC-CL-PM-C.jpg"
"Kit A Bela e a Fera/Kit A Bela e a Fera/Kit 02 - Clássico/Caixa Milk Clássico/LLPC-CL-C-MK-a-bela-e-a-fera-variacao-LLPC-CL-MT-C-ou-LLPC-CL-PM-C.jpg","LLPC-CL-C-MK-a-bela-e-a-fera-variacao-LLPC-CL-MT-C-ou-LLPC-CL-PM-C.jpg"
"Kit A Bela e a Fera/Kit A Bela e a Fera/Kit 02 - Clássico/Caixa Milk Clássico/LLPC-CL-C-MK-a-bela-e-a-fera-verso-LLPC-CL-MT-C-ou-LLPC-CL-PM-C.jpg","LLPC-CL-C-MK-a-bela-e-a-fera-verso-LLPC-CL-MT-C-ou-LLPC-CL-PM-C.jpg"
"Kit A Bela e a Fera/Kit A Bela e a Fera/Kit 02 - Clássico/Caixa Pirâmide Clássico/LLPC-CL-C-P-a-bela-e-a-fera-angulo3-4-LLPC-CL-MT-C-ou-LLPC-CL-PM-C.jpg","LLPC-CL-C-P-a-bela-e-a-fera-angulo3-4-LLPC-CL-MT-C-ou-LLPC-CL-PM-C.jpg"
"Kit A Bela e a Fera/Kit A Bela e a Fera/Kit 02 - Clássico/Caixa Pirâmide Clássico/LLPC-CL-C-P-a-bela-e-a-fera-detalhe-LLPC-CL-MT-C-ou-LLPC-CL-PM-C.jpg","LLPC-CL-C-P-a-bela-e-a-fera-detalhe-LLPC-CL-MT-C-ou-LLPC-CL-PM-C.jpg"
"Kit A Bela e a Fera/Kit A Bela e a Fera/Kit 02 - Clássico/Caixa Pirâmide Clássico/LLPC-CL-C-P-a-bela-e-a-fera-escala-LLPC-CL-MT-C-ou-LLPC-CL-PM-C.jpg","LLPC-CL-C-P-a-bela-e-a-fera-escala-LLPC-CL-MT-C-ou-LLPC-CL-PM-C.jpg"
"Kit A Bela e a Fera/Kit A Bela e a Fera/Kit 02 - Clássico/Caixa Pirâmide Clássico/LLPC-CL-C-P-a-bela-e-a-fera-hero-LLPC-CL-MT-C-ou-LLPC-CL-PM-C.jpg","LLPC-CL-C-P-a-bela-e-a-fera-hero-LLPC-CL-MT-C-ou-LLPC-CL-PM-C.jpg"
"Kit A Bela e a Fera/Kit A Bela e a Fera/Kit 02 - Clássico/Caixa Pirâmide Clássico/LLPC-CL-C-P-a-bela-e-a-fera-variacao-LLPC-CL-MT-C-ou-LLPC-CL-PM-C.jpg","LLPC-CL-C-P-a-bela-e-a-fera-variacao-LLPC-CL-MT-C-ou-LLPC-CL-PM-C.jpg"
"Kit A Bela e a Fera/Kit A Bela e a Fera/Kit 02 - Clássico/Caixa Pirâmide Clássico/LLPC-CL-C-P-a-bela-e-a-fera-verso-LLPC-CL-MT-C-ou-LLPC-CL-PM-C.jpg","LLPC-CL-C-P-a-bela-e-a-fera-verso-LLPC-CL-MT-C-ou-LLPC-CL-PM-C.jpg"
"Kit A Bela e a Fera/Kit A Bela e a Fera/Kit 02 - Clássico/Caixa Porta Bis Duplo Clássico/LLPC-CL-C-PBD-a-bela-e-a-fera-angulo3-4-LLPC-CL-MT-C-ou-LLPC-CL-PM-C.jpg","LLPC-CL-C-PBD-a-bela-e-a-fera-angulo3-4-LLPC-CL-MT-C-ou-LLPC-CL-PM-C.jpg"
"Kit A Bela e a Fera/Kit A Bela e a Fera/Kit 02 - Clássico/Caixa Porta Bis Duplo Clássico/LLPC-CL-C-PBD-a-bela-e-a-fera-detalhe-LLPC-CL-MT-C-ou-LLPC-CL-PM-C.jpg","LLPC-CL-C-PBD-a-bela-e-a-fera-detalhe-LLPC-CL-MT-C-ou-LLPC-CL-PM-C.jpg"
"Kit A Bela e a Fera/Kit A Bela e a Fera/Kit 02 - Clássico/Caixa Porta Bis Duplo Clássico/LLPC-CL-C-PBD-a-bela-e-a-fera-escala-LLPC-CL-MT-C-ou-LLPC-CL-PM-C.jpg","LLPC-CL-C-PBD-a-bela-e-a-fera-escala-LLPC-CL-MT-C-ou-LLPC-CL-PM-C.jpg"
"Kit A Bela e a Fera/Kit A Bela e a Fera/Kit 02 - Clássico/Caixa Porta Bis Duplo Clássico/LLPC-CL-C-PBD-a-bela-e-a-fera-hero-LLPC-CL-MT-C-ou-LLPC-CL-PM-C.jpg","LLPC-CL-C-PBD-a-bela-e-a-fera-hero-LLPC-CL-MT-C-ou-LLPC-CL-PM-C.jpg"
"Kit A Bela e a Fera/Kit A Bela e a Fera/Kit 02 - Clássico/Caixa Porta Bis Duplo Clássico/LLPC-CL-C-PBD-a-bela-e-a-fera-variacao-LLPC-CL-MT-C-ou-LLPC-CL-PM-C.jpg","LLPC-CL-C-PBD-a-bela-e-a-fera-variacao-LLPC-CL-MT-C-ou-LLPC-CL-PM-C.jpg"
"Kit A Bela e a Fera/Kit A Bela e a Fera/Kit 02 - Clássico/Caixa Porta Bis Duplo Clássico/LLPC-CL-C-PBD-a-bela-e-a-fera-verso-LLPC-CL-MT-C-ou-LLPC-CL-PM-C.jpg","LLPC-CL-C-PBD-a-bela-e-a-fera-verso-LLPC-CL-MT-C-ou-LLPC-CL-PM-C.jpg"
"Kit A Bela e a Fera/Kit A Bela e a Fera/Kit 02 - Clássico/Caixa Tubete Clássico/LLPC-CL-C-T-a-bela-e-a-fera-angulo3-4-LLPC-CL-MT-C-ou-LLPC-CL-PM-C.jpg","LLPC-CL-C-T-a-bela-e-a-fera-angulo3-4-LLPC-CL-MT-C-ou-LLPC-CL-PM-C.jpg"
"Kit A Bela e a Fera/Kit A Bela e a Fera/Kit 02 - Clássico/Caixa Tubete Clássico/LLPC-CL-C-T-a-bela-e-a-fera-detalhe-LLPC-CL-MT-C-ou-LLPC-CL-PM-C.jpg","LLPC-CL-C-T-a-bela-e-a-fera-detalhe-LLPC-CL-MT-C-ou-LLPC-CL-PM-C.jpg"
"Kit A Bela e a Fera/Kit A Bela e a Fera/Kit 02 - Clássico/Caixa Tubete Clássico/LLPC-CL-C-T-a-bela-e-a-fera-escala-LLPC-CL-MT-C-ou-LLPC-CL-PM-C.jpg","LLPC-CL-C-T-a-bela-e-a-fera-escala-LLPC-CL-MT-C-ou-LLPC-CL-PM-C.jpg"
"Kit A Bela e a Fera/Kit A Bela e a Fera/Kit 02 - Clássico/Caixa Tubete Clássico/LLPC-CL-C-T-a-bela-e-a-fera-hero-LLPC-CL-MT-C-ou-LLPC-CL-PM-C.jpg","LLPC-CL-C-T-a-bela-e-a-fera-hero-LLPC-CL-MT-C-ou-LLPC-CL-PM-C.jpg"
"Kit A Bela e a Fera/Kit A Bela e a Fera/Kit 02 - Clássico/Caixa Tubete Clássico/LLPC-CL-C-T-a-bela-e-a-fera-variacao-LLPC-CL-MT-C-ou-LLPC-CL-PM-C.jpg","LLPC-CL-C-T-a-bela-e-a-fera-variacao-LLPC-CL-MT-C-ou-LLPC-CL-PM-C.jpg"
"Kit A Bela e a Fera/Kit A Bela e a Fera/Kit 02 - Clássico/Caixa Tubete Clássico/LLPC-CL-C-T-a-bela-e-a-fera-verso-LLPC-CL-MT-C-ou-LLPC-CL-PM-C.jpg","LLPC-CL-C-T-a-bela-e-a-fera-verso-LLPC-CL-MT-C-ou-LLPC-CL-PM-C.jpg"
"Kit A Bela e a Fera/Kit A Bela e a Fera/Kit 02 - Clássico/Topo de Bolo Clássico/LLPC-TB-C-a-bela-e-a-fera-angulo3-4-LLPC-TB-C.jpg","LLPC-TB-C-a-bela-e-a-fera-angulo3-4-LLPC-TB-C.jpg"
"Kit A Bela e a Fera/Kit A Bela e a Fera/Kit 02 - Clássico/Topo de Bolo Clássico/LLPC-TB-C-a-bela-e-a-fera-detalhe-LLPC-TB-C.jpg","LLPC-TB-C-a-bela-e-a-fera-detalhe-LLPC-TB-C.jpg"
"Kit A Bela e a Fera/Kit A Bela e a Fera/Kit 02 - Clássico/Topo de Bolo Clássico/LLPC-TB-C-a-bela-e-a-fera-escala-LLPC-TB-C.jpg","LLPC-TB-C-a-bela-e-a-fera-escala-LLPC-TB-C.jpg"
"Kit A Bela e a Fera/Kit A Bela e a Fera/Kit 02 - Clássico/Topo de Bolo Clássico/LLPC-TB-C-a-bela-e-a-fera-hero-LLPC-TB-C.jpg","LLPC-TB-C-a-bela-e-a-fera-hero-LLPC-TB-C.jpg"
"Kit A Bela e a Fera/Kit A Bela e a Fera/Kit 02 - Clássico/Topo de Bolo Clássico/LLPC-TB-C-a-bela-e-a-fera-variacao-LLPC-TB-C.jpg","LLPC-TB-C-a-bela-e-a-fera-variacao-LLPC-TB-C.jpg"
"Kit A Bela e a Fera/Kit A Bela e a Fera/Kit 02 - Clássico/Topo de Bolo Clássico/LLPC-TB-C-a-bela-e-a-fera-verso-LLPC-TB-C.jpg","LLPC-TB-C-a-bela-e-a-fera-verso-LLPC-TB-C.jpg"
"Kit A Bela e a Fera/Kit A Bela e a Fera/Kit 03 - Premium/LLPC-C-P-a-bela-e-a-fera-hero-LLPC-CL-MT-P+LLPC-CL-MT-P+LLPC-CL-MT-P+LLPC-CL-MT-P+LLPC-TB-P+LLPC-TT-C+LLPC-F-C.jpg","LLPC-C-P-a-bela-e-a-fera-hero-LLPC-CL-MT-P+LLPC-CL-MT-P+LLPC-CL-MT-P+LLPC-CL-MT-P+LLPC-TB-P+LLPC-TT-C+LLPC-F-C.jpg"
"Kit A Bela e a Fera/Kit A Bela e a Fera/Kit 03 - Premium/LLPC-C-P-a-bela-e-a-fera-hero-LLPC-CL-PM-P+LLPC-CL-PM-P+LLPC-CL-PM-P+LLPC-CL-PM-P+LLPC-TB-P+LLPC-TT-C+LLPC-F-C.jpg","LLPC-C-P-a-bela-e-a-fera-hero-LLPC-CL-PM-P+LLPC-CL-PM-P+LLPC-CL-PM-P+LLPC-CL-PM-P+LLPC-TB-P+LLPC-TT-C+LLPC-F-C.jpg"
"Kit A Bela e a Fera/Kit A Bela e a Fera/Kit 03 - Premium/Caixa Milk Premium/LLPC-CL-P-MK-a-bela-e-a-fera-angulo3-4-LLPC-CL-MT-P-ou-LLPC-CL-PM-P.jpg","LLPC-CL-P-MK-a-bela-e-a-fera-angulo3-4-LLPC-CL-MT-P-ou-LLPC-CL-PM-P.jpg"
"Kit A Bela e a Fera/Kit A Bela e a Fera/Kit 03 - Premium/Caixa Milk Premium/LLPC-CL-P-MK-a-bela-e-a-fera-detalhe-LLPC-CL-MT-P-ou-LLPC-CL-PM-P.jpg","LLPC-CL-P-MK-a-bela-e-a-fera-detalhe-LLPC-CL-MT-P-ou-LLPC-CL-PM-P.jpg"
"Kit A Bela e a Fera/Kit A Bela e a Fera/Kit 03 - Premium/Caixa Milk Premium/LLPC-CL-P-MK-a-bela-e-a-fera-escala-LLPC-CL-MT-P-ou-LLPC-CL-PM-P.jpg","LLPC-CL-P-MK-a-bela-e-a-fera-escala-LLPC-CL-MT-P-ou-LLPC-CL-PM-P.jpg"
"Kit A Bela e a Fera/Kit A Bela e a Fera/Kit 03 - Premium/Caixa Milk Premium/LLPC-CL-P-MK-a-bela-e-a-fera-hero-LLPC-CL-MT-P-ou-LLPC-CL-PM-P.jpg","LLPC-CL-P-MK-a-bela-e-a-fera-hero-LLPC-CL-MT-P-ou-LLPC-CL-PM-P.jpg"
"Kit A Bela e a Fera/Kit A Bela e a Fera/Kit 03 - Premium/Caixa Milk Premium/LLPC-CL-P-MK-a-bela-e-a-fera-variacao-LLPC-CL-MT-P-ou-LLPC-CL-PM-P.jpg","LLPC-CL-P-MK-a-bela-e-a-fera-variacao-LLPC-CL-MT-P-ou-LLPC-CL-PM-P.jpg"
"Kit A Bela e a Fera/Kit A Bela e a Fera/Kit 03 - Premium/Caixa Milk Premium/LLPC-CL-P-MK-a-bela-e-a-fera-verso-LLPC-CL-MT-P-ou-LLPC-CL-PM-P.jpg","LLPC-CL-P-MK-a-bela-e-a-fera-verso-LLPC-CL-MT-P-ou-LLPC-CL-PM-P.jpg"
"Kit A Bela e a Fera/Kit A Bela e a Fera/Kit 03 - Premium/Caixa Pirâmide Premium/LLPC-CL-P-P-a-bela-e-a-fera-angulo3-4-LLPC-CL-MT-P-ou-LLPC-CL-PM-P.jpg","LLPC-CL-P-P-a-bela-e-a-fera-angulo3-4-LLPC-CL-MT-P-ou-LLPC-CL-PM-P.jpg"
"Kit A Bela e a Fera/Kit A Bela e a Fera/Kit 03 - Premium/Caixa Pirâmide Premium/LLPC-CL-P-P-a-bela-e-a-fera-detalhe-LLPC-CL-MT-P-ou-LLPC-CL-PM-P.jpg","LLPC-CL-P-P-a-bela-e-a-fera-detalhe-LLPC-CL-MT-P-ou-LLPC-CL-PM-P.jpg"
"Kit A Bela e a Fera/Kit A Bela e a Fera/Kit 03 - Premium/Caixa Pirâmide Premium/LLPC-CL-P-P-a-bela-e-a-fera-escala-LLPC-CL-MT-P-ou-LLPC-CL-PM-P.jpg","LLPC-CL-P-P-a-bela-e-a-fera-escala-LLPC-CL-MT-P-ou-LLPC-CL-PM-P.jpg"
"Kit A Bela e a Fera/Kit A Bela e a Fera/Kit 03 - Premium/Caixa Pirâmide Premium/LLPC-CL-P-P-a-bela-e-a-fera-frontal-LLPC-CL-MT-P-ou-LLPC-CL-PM-P.jpg","LLPC-CL-P-P-a-bela-e-a-fera-frontal-LLPC-CL-MT-P-ou-LLPC-CL-PM-P.jpg"
"Kit A Bela e a Fera/Kit A Bela e a Fera/Kit 03 - Premium/Caixa Pirâmide Premium/LLPC-CL-P-P-a-bela-e-a-fera-hero-LLPC-CL-MT-P-ou-LLPC-CL-PM-P.jpg","LLPC-CL-P-P-a-bela-e-a-fera-hero-LLPC-CL-MT-P-ou-LLPC-CL-PM-P.jpg"
"Kit A Bela e a Fera/Kit A Bela e a Fera/Kit 03 - Premium/Caixa Pirâmide Premium/LLPC-CL-P-P-a-bela-e-a-fera-verso-LLPC-CL-MT-P-ou-LLPC-CL-PM-P.jpg","LLPC-CL-P-P-a-bela-e-a-fera-verso-LLPC-CL-MT-P-ou-LLPC-CL-PM-P.jpg"
"Kit A Bela e a Fera/Kit A Bela e a Fera/Kit 03 - Premium/Caixa Porta Bis Duplo Premium/LLPC-CL-P-PBD-a-bela-e-a-fera-angulo3-4-LLPC-CL-MT-P-ou-LLPC-CL-PM-P.jpg","LLPC-CL-P-PBD-a-bela-e-a-fera-angulo3-4-LLPC-CL-MT-P-ou-LLPC-CL-PM-P.jpg"
"Kit A Bela e a Fera/Kit A Bela e a Fera/Kit 03 - Premium/Caixa Porta Bis Duplo Premium/LLPC-CL-P-PBD-a-bela-e-a-fera-detalhe-LLPC-CL-MT-P-ou-LLPC-CL-PM-P.jpg","LLPC-CL-P-PBD-a-bela-e-a-fera-detalhe-LLPC-CL-MT-P-ou-LLPC-CL-PM-P.jpg"
"Kit A Bela e a Fera/Kit A Bela e a Fera/Kit 03 - Premium/Caixa Porta Bis Duplo Premium/LLPC-CL-P-PBD-a-bela-e-a-fera-escala-LLPC-CL-MT-P-ou-LLPC-CL-PM-P.jpg","LLPC-CL-P-PBD-a-bela-e-a-fera-escala-LLPC-CL-MT-P-ou-LLPC-CL-PM-P.jpg"
"Kit A Bela e a Fera/Kit A Bela e a Fera/Kit 03 - Premium/Caixa Porta Bis Duplo Premium/LLPC-CL-P-PBD-a-bela-e-a-fera-hero-LLPC-CL-MT-P-ou-LLPC-CL-PM-P.jpg","LLPC-CL-P-PBD-a-bela-e-a-fera-hero-LLPC-CL-MT-P-ou-LLPC-CL-PM-P.jpg"
"Kit A Bela e a Fera/Kit A Bela e a Fera/Kit 03 - Premium/Caixa Porta Bis Duplo Premium/LLPC-CL-P-PBD-a-bela-e-a-fera-variacao-LLPC-CL-MT-P-ou-LLPC-CL-PM-P.jpg","LLPC-CL-P-PBD-a-bela-e-a-fera-variacao-LLPC-CL-MT-P-ou-LLPC-CL-PM-P.jpg"
"Kit A Bela e a Fera/Kit A Bela e a Fera/Kit 03 - Premium/Caixa Porta Bis Duplo Premium/LLPC-CL-P-PBD-a-bela-e-a-fera-verso-LLPC-CL-MT-P-ou-LLPC-CL-PM-P.jpg","LLPC-CL-P-PBD-a-bela-e-a-fera-verso-LLPC-CL-MT-P-ou-LLPC-CL-PM-P.jpg"
"Kit A Bela e a Fera/Kit A Bela e a Fera/Kit 03 - Premium/Caixa Tubete Premium/LLPC-CL-P-T-a-bela-e-a-fera-angulo3-4-LLPC-CL-MT-P-ou-LLPC-CL-PM-P.jpg","LLPC-CL-P-T-a-bela-e-a-fera-angulo3-4-LLPC-CL-MT-P-ou-LLPC-CL-PM-P.jpg"
"Kit A Bela e a Fera/Kit A Bela e a Fera/Kit 03 - Premium/Caixa Tubete Premium/LLPC-CL-P-T-a-bela-e-a-fera-detalhe-LLPC-CL-MT-P-ou-LLPC-CL-PM-P.jpg","LLPC-CL-P-T-a-bela-e-a-fera-detalhe-LLPC-CL-MT-P-ou-LLPC-CL-PM-P.jpg"
"Kit A Bela e a Fera/Kit A Bela e a Fera/Kit 03 - Premium/Caixa Tubete Premium/LLPC-CL-P-T-a-bela-e-a-fera-escala-LLPC-CL-MT-P-ou-LLPC-CL-PM-P.jpg","LLPC-CL-P-T-a-bela-e-a-fera-escala-LLPC-CL-MT-P-ou-LLPC-CL-PM-P.jpg"
"Kit A Bela e a Fera/Kit A Bela e a Fera/Kit 03 - Premium/Caixa Tubete Premium/LLPC-CL-P-T-a-bela-e-a-fera-frontal-LLPC-CL-MT-P-ou-LLPC-CL-PM-P.jpg","LLPC-CL-P-T-a-bela-e-a-fera-frontal-LLPC-CL-MT-P-ou-LLPC-CL-PM-P.jpg"
"Kit A Bela e a Fera/Kit A Bela e a Fera/Kit 03 - Premium/Caixa Tubete Premium/LLPC-CL-P-T-a-bela-e-a-fera-hero-LLPC-CL-MT-P-ou-LLPC-CL-PM-P.jpg","LLPC-CL-P-T-a-bela-e-a-fera-hero-LLPC-CL-MT-P-ou-LLPC-CL-PM-P.jpg"
"Kit A Bela e a Fera/Kit A Bela e a Fera/Kit 03 - Premium/Caixa Tubete Premium/LLPC-CL-P-T-a-bela-e-a-fera-verso-LLPC-CL-MT-P-ou-LLPC-CL-PM-P.jpg","LLPC-CL-P-T-a-bela-e-a-fera-verso-LLPC-CL-MT-P-ou-LLPC-CL-PM-P.jpg"
"Kit A Bela e a Fera/Kit A Bela e a Fera/Kit 03 - Premium/Topo de Bolo Premium/LLPC-TB-P-a-bela-e-a-fera-angulo3-4-LLPC-TB-P.jpg","LLPC-TB-P-a-bela-e-a-fera-angulo3-4-LLPC-TB-P.jpg"
"Kit A Bela e a Fera/Kit A Bela e a Fera/Kit 03 - Premium/Topo de Bolo Premium/LLPC-TB-P-a-bela-e-a-fera-detalhe-LLPC-TB-P.jpg","LLPC-TB-P-a-bela-e-a-fera-detalhe-LLPC-TB-P.jpg"
"Kit A Bela e a Fera/Kit A Bela e a Fera/Kit 03 - Premium/Topo de Bolo Premium/LLPC-TB-P-a-bela-e-a-fera-escala-LLPC-TB-P.jpg","LLPC-TB-P-a-bela-e-a-fera-escala-LLPC-TB-P.jpg"
"Kit A Bela e a Fera/Kit A Bela e a Fera/Kit 03 - Premium/Topo de Bolo Premium/LLPC-TB-P-a-bela-e-a-fera-hero-LLPC-TB-P.jpg","LLPC-TB-P-a-bela-e-a-fera-hero-LLPC-TB-P.jpg"
"Kit A Bela e a Fera/Kit A Bela e a Fera/Kit 03 - Premium/Topo de Bolo Premium/LLPC-TB-P-a-bela-e-a-fera-variacao-LLPC-TB-P.jpg","LLPC-TB-P-a-bela-e-a-fera-variacao-LLPC-TB-P.jpg"
"Kit A Bela e a Fera/Kit A Bela e a Fera/Kit 03 - Premium/Topo de Bolo Premium/LLPC-TB-P-a-bela-e-a-fera-verso-LLPC-TB-P.jpg","LLPC-TB-P-a-bela-e-a-fera-verso-LLPC-TB-P.jpg"
"Kit A Bela e a Fera/Kit A Bela e a Fera/Kit 04 - Luxo/LLPC-C-L-a-bela-e-a-fera-hero-LLPC-TB-L+LLPC-ML-L+LLPC-CL-MT-L+LLPC-CL-MT-L+LLPC-CL-MT-L+LLPC-CL-MT-L+LLPC-TT-C+LLPC-F-C.jpg","LLPC-C-L-a-bela-e-a-fera-hero-LLPC-TB-L+LLPC-ML-L+LLPC-CL-MT-L+LLPC-CL-MT-L+LLPC-CL-MT-L+LLPC-CL-MT-L+LLPC-TT-C+LLPC-F-C.jpg"
"Kit A Bela e a Fera/Kit A Bela e a Fera/Kit 04 - Luxo/LLPC-C-L-a-bela-e-a-fera-hero-LLPC-TB-L+LLPC-ML-L+LLPC-CL-PM-L+LLPC-CL-PM-L+LLPC-CL-PM-L+LLPC-CL-PM-L+LLPC-TT-C+LLPC-F-C.jpg","LLPC-C-L-a-bela-e-a-fera-hero-LLPC-TB-L+LLPC-ML-L+LLPC-CL-PM-L+LLPC-CL-PM-L+LLPC-CL-PM-L+LLPC-CL-PM-L+LLPC-TT-C+LLPC-F-C.jpg"
"Kit A Bela e a Fera/Kit A Bela e a Fera/Kit 04 - Luxo/Caixa Cenário Luxo/LLPC-CL-L-C-a-bela-e-a-fera-angulo3-4-LLPC-CL-MT-L-ou-LLPC-CL-PM-L.jpg","LLPC-CL-L-C-a-bela-e-a-fera-angulo3-4-LLPC-CL-MT-L-ou-LLPC-CL-PM-L.jpg"
"Kit A Bela e a Fera/Kit A Bela e a Fera/Kit 04 - Luxo/Caixa Cenário Luxo/LLPC-CL-L-C-a-bela-e-a-fera-detalhe-LLPC-CL-MT-L-ou-LLPC-CL-PM-L.jpg","LLPC-CL-L-C-a-bela-e-a-fera-detalhe-LLPC-CL-MT-L-ou-LLPC-CL-PM-L.jpg"
"Kit A Bela e a Fera/Kit A Bela e a Fera/Kit 04 - Luxo/Caixa Cenário Luxo/LLPC-CL-L-C-a-bela-e-a-fera-escala-LLPC-CL-MT-L-ou-LLPC-CL-PM-L.jpg","LLPC-CL-L-C-a-bela-e-a-fera-escala-LLPC-CL-MT-L-ou-LLPC-CL-PM-L.jpg"
"Kit A Bela e a Fera/Kit A Bela e a Fera/Kit 04 - Luxo/Caixa Cenário Luxo/LLPC-CL-L-C-a-bela-e-a-fera-hero-LLPC-CL-MT-L-ou-LLPC-CL-PM-L.jpg","LLPC-CL-L-C-a-bela-e-a-fera-hero-LLPC-CL-MT-L-ou-LLPC-CL-PM-L.jpg"
"Kit A Bela e a Fera/Kit A Bela e a Fera/Kit 04 - Luxo/Caixa Cenário Luxo/LLPC-CL-L-C-a-bela-e-a-fera-variacao-LLPC-CL-MT-L-ou-LLPC-CL-PM-L.jpg","LLPC-CL-L-C-a-bela-e-a-fera-variacao-LLPC-CL-MT-L-ou-LLPC-CL-PM-L.jpg"
"Kit A Bela e a Fera/Kit A Bela e a Fera/Kit 04 - Luxo/Caixa Cenário Luxo/LLPC-CL-L-C-a-bela-e-a-fera-verso-LLPC-CL-MT-L-ou-LLPC-CL-PM-L.jpg","LLPC-CL-L-C-a-bela-e-a-fera-verso-LLPC-CL-MT-L-ou-LLPC-CL-PM-L.jpg"
"Kit A Bela e a Fera/Kit A Bela e a Fera/Kit 04 - Luxo/Caixa em Pé Luxo/LLPC-CL-L-CP-a-bela-e-a-fera-angulo3-4-LLPC-CL-MT-L-ou-LLPC-CL-PM-L.jpg","LLPC-CL-L-CP-a-bela-e-a-fera-angulo3-4-LLPC-CL-MT-L-ou-LLPC-CL-PM-L.jpg"
"Kit A Bela e a Fera/Kit A Bela e a Fera/Kit 04 - Luxo/Caixa em Pé Luxo/LLPC-CL-L-CP-a-bela-e-a-fera-detalhe-LLPC-CL-MT-L-ou-LLPC-CL-PM-L.jpg","LLPC-CL-L-CP-a-bela-e-a-fera-detalhe-LLPC-CL-MT-L-ou-LLPC-CL-PM-L.jpg"
"Kit A Bela e a Fera/Kit A Bela e a Fera/Kit 04 - Luxo/Caixa em Pé Luxo/LLPC-CL-L-CP-a-bela-e-a-fera-escala-LLPC-CL-MT-L-ou-LLPC-CL-PM-L.jpg","LLPC-CL-L-CP-a-bela-e-a-fera-escala-LLPC-CL-MT-L-ou-LLPC-CL-PM-L.jpg"
"Kit A Bela e a Fera/Kit A Bela e a Fera/Kit 04 - Luxo/Caixa em Pé Luxo/LLPC-CL-L-CP-a-bela-e-a-fera-hero-LLPC-CL-MT-L-ou-LLPC-CL-PM-L.jpg","LLPC-CL-L-CP-a-bela-e-a-fera-hero-LLPC-CL-MT-L-ou-LLPC-CL-PM-L.jpg"
"Kit A Bela e a Fera/Kit A Bela e a Fera/Kit 04 - Luxo/Caixa em Pé Luxo/LLPC-CL-L-CP-a-bela-e-a-fera-variacao-LLPC-CL-MT-L-ou-LLPC-CL-PM-L.jpg","LLPC-CL-L-CP-a-bela-e-a-fera-variacao-LLPC-CL-MT-L-ou-LLPC-CL-PM-L.jpg"
"Kit A Bela e a Fera/Kit A Bela e a Fera/Kit 04 - Luxo/Caixa em Pé Luxo/LLPC-CL-L-CP-a-bela-e-a-fera-verso-LLPC-CL-MT-L-ou-LLPC-CL-PM-L.jpg","LLPC-CL-L-CP-a-bela-e-a-fera-verso-LLPC-CL-MT-L-ou-LLPC-CL-PM-L.jpg"
"Kit A Bela e a Fera/Kit A Bela e a Fera/Kit 04 - Luxo/Caixa Pirâmide Shaker Luxo/LLPC-CL-L-PS-a-bela-e-a-fera-angulo3-4-LLPC-CL-MT-L-ou-LLPC-CL-PM-L.jpg","LLPC-CL-L-PS-a-bela-e-a-fera-angulo3-4-LLPC-CL-MT-L-ou-LLPC-CL-PM-L.jpg"
"Kit A Bela e a Fera/Kit A Bela e a Fera/Kit 04 - Luxo/Caixa Pirâmide Shaker Luxo/LLPC-CL-L-PS-a-bela-e-a-fera-detalhe-LLPC-CL-MT-L-ou-LLPC-CL-PM-L.jpg","LLPC-CL-L-PS-a-bela-e-a-fera-detalhe-LLPC-CL-MT-L-ou-LLPC-CL-PM-L.jpg"
"Kit A Bela e a Fera/Kit A Bela e a Fera/Kit 04 - Luxo/Caixa Pirâmide Shaker Luxo/LLPC-CL-L-PS-a-bela-e-a-fera-escala-LLPC-CL-MT-L-ou-LLPC-CL-PM-L.jpg","LLPC-CL-L-PS-a-bela-e-a-fera-escala-LLPC-CL-MT-L-ou-LLPC-CL-PM-L.jpg"
"Kit A Bela e a Fera/Kit A Bela e a Fera/Kit 04 - Luxo/Caixa Pirâmide Shaker Luxo/LLPC-CL-L-PS-a-bela-e-a-fera-hero-LLPC-CL-MT-L-ou-LLPC-CL-PM-L.jpg","LLPC-CL-L-PS-a-bela-e-a-fera-hero-LLPC-CL-MT-L-ou-LLPC-CL-PM-L.jpg"
"Kit A Bela e a Fera/Kit A Bela e a Fera/Kit 04 - Luxo/Caixa Pirâmide Shaker Luxo/LLPC-CL-L-PS-a-bela-e-a-fera-variacao-LLPC-CL-MT-L-ou-LLPC-CL-PM-L.jpg","LLPC-CL-L-PS-a-bela-e-a-fera-variacao-LLPC-CL-MT-L-ou-LLPC-CL-PM-L.jpg"
"Kit A Bela e a Fera/Kit A Bela e a Fera/Kit 04 - Luxo/Caixa Pirâmide Shaker Luxo/LLPC-CL-L-PS-a-bela-e-a-fera-verso-LLPC-CL-MT-L-ou-LLPC-CL-PM-L.jpg","LLPC-CL-L-PS-a-bela-e-a-fera-verso-LLPC-CL-MT-L-ou-LLPC-CL-PM-L.jpg"
"Kit A Bela e a Fera/Kit A Bela e a Fera/Kit 04 - Luxo/Maleta Cenário Shaker Luxo/LLPC-CL-L-CS-a-bela-e-a-fera-angulo3-4-LLPC-CL-MT-L-ou-LLPC-CL-PM-L.jpg","LLPC-CL-L-CS-a-bela-e-a-fera-angulo3-4-LLPC-CL-MT-L-ou-LLPC-CL-PM-L.jpg"
"Kit A Bela e a Fera/Kit A Bela e a Fera/Kit 04 - Luxo/Maleta Cenário Shaker Luxo/LLPC-CL-L-CS-a-bela-e-a-fera-detalhe-LLPC-CL-MT-L-ou-LLPC-CL-PM-L.jpg","LLPC-CL-L-CS-a-bela-e-a-fera-detalhe-LLPC-CL-MT-L-ou-LLPC-CL-PM-L.jpg"
"Kit A Bela e a Fera/Kit A Bela e a Fera/Kit 04 - Luxo/Maleta Cenário Shaker Luxo/LLPC-CL-L-CS-a-bela-e-a-fera-escala-LLPC-CL-MT-L-ou-LLPC-CL-PM-L.jpg","LLPC-CL-L-CS-a-bela-e-a-fera-escala-LLPC-CL-MT-L-ou-LLPC-CL-PM-L.jpg"
"Kit A Bela e a Fera/Kit A Bela e a Fera/Kit 04 - Luxo/Maleta Cenário Shaker Luxo/LLPC-CL-L-CS-a-bela-e-a-fera-hero-LLPC-CL-MT-L-ou-LLPC-CL-PM-L.jpg","LLPC-CL-L-CS-a-bela-e-a-fera-hero-LLPC-CL-MT-L-ou-LLPC-CL-PM-L.jpg"
"Kit A Bela e a Fera/Kit A Bela e a Fera/Kit 04 - Luxo/Maleta Cenário Shaker Luxo/LLPC-CL-L-CS-a-bela-e-a-fera-variacao-LLPC-CL-MT-L-ou-LLPC-CL-PM-L.jpg","LLPC-CL-L-CS-a-bela-e-a-fera-variacao-LLPC-CL-MT-L-ou-LLPC-CL-PM-L.jpg"
"Kit A Bela e a Fera/Kit A Bela e a Fera/Kit 04 - Luxo/Maleta Cenário Shaker Luxo/LLPC-CL-L-CS-a-bela-e-a-fera-verso-LLPC-CL-MT-L-ou-LLPC-CL-PM-L.jpg","LLPC-CL-L-CS-a-bela-e-a-fera-verso-LLPC-CL-MT-L-ou-LLPC-CL-PM-L.jpg"
"Kit A Bela e a Fera/Kit A Bela e a Fera/Kit 04 - Luxo/Maleta Porta Cofre Luxo/LLPC-ML-L-PC-a-bela-e-a-fera-angulo3-4-LLPC-ML-L.jpg","LLPC-ML-L-PC-a-bela-e-a-fera-angulo3-4-LLPC-ML-L.jpg"
"Kit A Bela e a Fera/Kit A Bela e a Fera/Kit 04 - Luxo/Maleta Porta Cofre Luxo/LLPC-ML-L-PC-a-bela-e-a-fera-detalhe-LLPC-ML-L.jpg","LLPC-ML-L-PC-a-bela-e-a-fera-detalhe-LLPC-ML-L.jpg"
"Kit A Bela e a Fera/Kit A Bela e a Fera/Kit 04 - Luxo/Maleta Porta Cofre Luxo/LLPC-ML-L-PC-a-bela-e-a-fera-escala-LLPC-ML-L.jpg","LLPC-ML-L-PC-a-bela-e-a-fera-escala-LLPC-ML-L.jpg"
"Kit A Bela e a Fera/Kit A Bela e a Fera/Kit 04 - Luxo/Maleta Porta Cofre Luxo/LLPC-ML-L-PC-a-bela-e-a-fera-hero-LLPC-ML-L.jpg","LLPC-ML-L-PC-a-bela-e-a-fera-hero-LLPC-ML-L.jpg"
"Kit A Bela e a Fera/Kit A Bela e a Fera/Kit 04 - Luxo/Maleta Porta Cofre Luxo/LLPC-ML-L-PC-a-bela-e-a-fera-variacao-LLPC-ML-L.jpg","LLPC-ML-L-PC-a-bela-e-a-fera-variacao-LLPC-ML-L.jpg"
"Kit A Bela e a Fera/Kit A Bela e a Fera/Kit 04 - Luxo/Maleta Porta Cofre Luxo/LLPC-ML-L-PC-a-bela-e-a-fera-verso-LLPC-ML-L.jpg","LLPC-ML-L-PC-a-bela-e-a-fera-verso-LLPC-ML-L.jpg"
"Kit A Bela e a Fera/Kit A Bela e a Fera/Kit 04 - Luxo/Topo de Bolo Luxo/LLPC-TB-L-a-bela-e-a-fera-angulo3-4-LLPC-TB-L.jpg","LLPC-TB-L-a-bela-e-a-fera-angulo3-4-LLPC-TB-L.jpg"
"Kit A Bela e a Fera/Kit A Bela e a Fera/Kit 04 - Luxo/Topo de Bolo Luxo/LLPC-TB-L-a-bela-e-a-fera-detalhe-LLPC-TB-L.jpg","LLPC-TB-L-a-bela-e-a-fera-detalhe-LLPC-TB-L.jpg"
"Kit A Bela e a Fera/Kit A Bela e a Fera/Kit 04 - Luxo/Topo de Bolo Luxo/LLPC-TB-L-a-bela-e-a-fera-escala-LLPC-TB-L.jpg","LLPC-TB-L-a-bela-e-a-fera-escala-LLPC-TB-L.jpg"
"Kit A Bela e a Fera/Kit A Bela e a Fera/Kit 04 - Luxo/Topo de Bolo Luxo/LLPC-TB-L-a-bela-e-a-fera-hero-LLPC-TB-L.jpg","LLPC-TB-L-a-bela-e-a-fera-hero-LLPC-TB-L.jpg"
"Kit A Bela e a Fera/Kit A Bela e a Fera/Kit 04 - Luxo/Topo de Bolo Luxo/LLPC-TB-L-a-bela-e-a-fera-variacao-LLPC-TB-L.jpg","LLPC-TB-L-a-bela-e-a-fera-variacao-LLPC-TB-L.jpg"
"Kit A Bela e a Fera/Kit A Bela e a Fera/Kit 04 - Luxo/Topo de Bolo Luxo/LLPC-TB-L-a-bela-e-a-fera-verso-LLPC-TB-L.jpg","LLPC-TB-L-a-bela-e-a-fera-verso-LLPC-TB-L.jpg"
"Kit Hot Wheels/Kit Hot Wheels/Kit 01 - Essencial/LLPC-C-E-hot-wheels-hero-LLPC-TT-C+LLPC-F-C+LLPC-CL-MT-E+LLPC-CL-MT-E+LLPC-CL-MT-E+LLPC-CL-MT-E+LLPC-TB-E.jpg","LLPC-C-E-hot-wheels-hero-LLPC-TT-C+LLPC-F-C+LLPC-CL-MT-E+LLPC-CL-MT-E+LLPC-CL-MT-E+LLPC-CL-MT-E+LLPC-TB-E.jpg"
"Kit Hot Wheels/Kit Hot Wheels/Kit 01 - Essencial/LLPC-C-E-hot-wheels-hero-LLPC-TT-C+LLPC-F-C+LLPC-CL-PM-E+LLPC-CL-PM-E+LLPC-CL-PM-E+LLPC-CL-PM-E+LLPC-TB-E.jpg","LLPC-C-E-hot-wheels-hero-LLPC-TT-C+LLPC-F-C+LLPC-CL-PM-E+LLPC-CL-PM-E+LLPC-CL-PM-E+LLPC-CL-PM-E+LLPC-TB-E.jpg"
"Kit Hot Wheels/Kit Hot Wheels/Kit 01 - Essencial/Caixa Milk Essencial/LLPC-CL-E-MK-hot-wheels-angulo3-4-LLPC-CL-MT-E-ou-LLPC-CL-PM-E.jpg","LLPC-CL-E-MK-hot-wheels-angulo3-4-LLPC-CL-MT-E-ou-LLPC-CL-PM-E.jpg"
"Kit Hot Wheels/Kit Hot Wheels/Kit 01 - Essencial/Caixa Milk Essencial/LLPC-CL-E-MK-hot-wheels-detalhe-LLPC-CL-MT-E-ou-LLPC-CL-PM-E.jpg","LLPC-CL-E-MK-hot-wheels-detalhe-LLPC-CL-MT-E-ou-LLPC-CL-PM-E.jpg"
"Kit Hot Wheels/Kit Hot Wheels/Kit 01 - Essencial/Caixa Milk Essencial/LLPC-CL-E-MK-hot-wheels-escala-LLPC-CL-MT-E-ou-LLPC-CL-PM-E.jpg","LLPC-CL-E-MK-hot-wheels-escala-LLPC-CL-MT-E-ou-LLPC-CL-PM-E.jpg"
"Kit Hot Wheels/Kit Hot Wheels/Kit 01 - Essencial/Caixa Milk Essencial/LLPC-CL-E-MK-hot-wheels-hero-LLPC-CL-MT-E-ou-LLPC-CL-PM-E.jpg","LLPC-CL-E-MK-hot-wheels-hero-LLPC-CL-MT-E-ou-LLPC-CL-PM-E.jpg"
"Kit Hot Wheels/Kit Hot Wheels/Kit 01 - Essencial/Caixa Milk Essencial/LLPC-CL-E-MK-hot-wheels-variacao-LLPC-CL-MT-E-ou-LLPC-CL-PM-E.jpg","LLPC-CL-E-MK-hot-wheels-variacao-LLPC-CL-MT-E-ou-LLPC-CL-PM-E.jpg"
"Kit Hot Wheels/Kit Hot Wheels/Kit 01 - Essencial/Caixa Milk Essencial/LLPC-CL-E-MK-hot-wheels-verso-LLPC-CL-MT-E-ou-LLPC-CL-PM-E.jpg","LLPC-CL-E-MK-hot-wheels-verso-LLPC-CL-MT-E-ou-LLPC-CL-PM-E.jpg"
"Kit Hot Wheels/Kit Hot Wheels/Kit 01 - Essencial/Caixa Pirâmide Essencial/LLPC-CL-E-P-hot-wheels-angulo3-4-LLPC-CL-MT-E-ou-LLPC-CL-PM-E.jpg","LLPC-CL-E-P-hot-wheels-angulo3-4-LLPC-CL-MT-E-ou-LLPC-CL-PM-E.jpg"
"Kit Hot Wheels/Kit Hot Wheels/Kit 01 - Essencial/Caixa Pirâmide Essencial/LLPC-CL-E-P-hot-wheels-detalhe-LLPC-CL-MT-E-ou-LLPC-CL-PM-E.jpg","LLPC-CL-E-P-hot-wheels-detalhe-LLPC-CL-MT-E-ou-LLPC-CL-PM-E.jpg"
"Kit Hot Wheels/Kit Hot Wheels/Kit 01 - Essencial/Caixa Pirâmide Essencial/LLPC-CL-E-P-hot-wheels-escala-LLPC-CL-MT-E-ou-LLPC-CL-PM-E.jpg","LLPC-CL-E-P-hot-wheels-escala-LLPC-CL-MT-E-ou-LLPC-CL-PM-E.jpg"
"Kit Hot Wheels/Kit Hot Wheels/Kit 01 - Essencial/Caixa Pirâmide Essencial/LLPC-CL-E-P-hot-wheels-hero-LLPC-CL-MT-E-ou-LLPC-CL-PM-E.jpg","LLPC-CL-E-P-hot-wheels-hero-LLPC-CL-MT-E-ou-LLPC-CL-PM-E.jpg"
"Kit Hot Wheels/Kit Hot Wheels/Kit 01 - Essencial/Caixa Pirâmide Essencial/LLPC-CL-E-P-hot-wheels-variacao-LLPC-CL-MT-E-ou-LLPC-CL-PM-E.jpg","LLPC-CL-E-P-hot-wheels-variacao-LLPC-CL-MT-E-ou-LLPC-CL-PM-E.jpg"
"Kit Hot Wheels/Kit Hot Wheels/Kit 01 - Essencial/Caixa Pirâmide Essencial/LLPC-CL-E-P-hot-wheels-verso-LLPC-CL-MT-E-ou-LLPC-CL-PM-E.jpg","LLPC-CL-E-P-hot-wheels-verso-LLPC-CL-MT-E-ou-LLPC-CL-PM-E.jpg"
"Kit Hot Wheels/Kit Hot Wheels/Kit 01 - Essencial/Caixa Sacolinha Essencial/LLPC-CL-E-CS-hot-wheels-angulo3-4-LLPC-CL-MT-E-ou-LLPC-CL-PM-E.jpg","LLPC-CL-E-CS-hot-wheels-angulo3-4-LLPC-CL-MT-E-ou-LLPC-CL-PM-E.jpg"
"Kit Hot Wheels/Kit Hot Wheels/Kit 01 - Essencial/Caixa Sacolinha Essencial/LLPC-CL-E-CS-hot-wheels-detalhe-LLPC-CL-MT-E-ou-LLPC-CL-PM-E.jpg","LLPC-CL-E-CS-hot-wheels-detalhe-LLPC-CL-MT-E-ou-LLPC-CL-PM-E.jpg"
"Kit Hot Wheels/Kit Hot Wheels/Kit 01 - Essencial/Caixa Sacolinha Essencial/LLPC-CL-E-CS-hot-wheels-escala-LLPC-CL-MT-E-ou-LLPC-CL-PM-E.jpg","LLPC-CL-E-CS-hot-wheels-escala-LLPC-CL-MT-E-ou-LLPC-CL-PM-E.jpg"
"Kit Hot Wheels/Kit Hot Wheels/Kit 01 - Essencial/Caixa Sacolinha Essencial/LLPC-CL-E-CS-hot-wheels-hero-LLPC-CL-MT-E-ou-LLPC-CL-PM-E.jpg","LLPC-CL-E-CS-hot-wheels-hero-LLPC-CL-MT-E-ou-LLPC-CL-PM-E.jpg"
"Kit Hot Wheels/Kit Hot Wheels/Kit 01 - Essencial/Caixa Sacolinha Essencial/LLPC-CL-E-CS-hot-wheels-variacao-LLPC-CL-MT-E-ou-LLPC-CL-PM-E.jpg","LLPC-CL-E-CS-hot-wheels-variacao-LLPC-CL-MT-E-ou-LLPC-CL-PM-E.jpg"
"Kit Hot Wheels/Kit Hot Wheels/Kit 01 - Essencial/Caixa Sacolinha Essencial/LLPC-CL-E-CS-hot-wheels-verso-LLPC-CL-MT-E-ou-LLPC-CL-PM-E.jpg","LLPC-CL-E-CS-hot-wheels-verso-LLPC-CL-MT-E-ou-LLPC-CL-PM-E.jpg"
"Kit Hot Wheels/Kit Hot Wheels/Kit 01 - Essencial/Caixa Tubete Essencial/LLPC-CL-E-T-hot-wheels-detalhe-LLPC-CL-MT-E-ou-LLPC-CL-PM-E.jpg","LLPC-CL-E-T-hot-wheels-detalhe-LLPC-CL-MT-E-ou-LLPC-CL-PM-E.jpg"
"Kit Hot Wheels/Kit Hot Wheels/Kit 01 - Essencial/Caixa Tubete Essencial/LLPC-CL-E-T-hot-wheels-escala-LLPC-CL-MT-E-ou-LLPC-CL-PM-E.jpg","LLPC-CL-E-T-hot-wheels-escala-LLPC-CL-MT-E-ou-LLPC-CL-PM-E.jpg"
"Kit Hot Wheels/Kit Hot Wheels/Kit 01 - Essencial/Caixa Tubete Essencial/LLPC-CL-E-T-hot-wheels-hero-LLPC-CL-MT-E-ou-LLPC-CL-PM-E.jpg","LLPC-CL-E-T-hot-wheels-hero-LLPC-CL-MT-E-ou-LLPC-CL-PM-E.jpg"
"Kit Hot Wheels/Kit Hot Wheels/Kit 01 - Essencial/Caixa Tubete Essencial/LLPC-CL-E-T-hot-wheels-variacao-LLPC-CL-MT-E-ou-LLPC-CL-PM-E.jpg","LLPC-CL-E-T-hot-wheels-variacao-LLPC-CL-MT-E-ou-LLPC-CL-PM-E.jpg"
"Kit Hot Wheels/Kit Hot Wheels/Kit 01 - Essencial/Caixa Tubete Essencial/LLPC-F-C-T-hot-wheels-angulo3-4-LLPC-CL-MT-E-ou-LLPC-CL-PM-E.jpg","LLPC-F-C-T-hot-wheels-angulo3-4-LLPC-CL-MT-E-ou-LLPC-CL-PM-E.jpg"
"Kit Hot Wheels/Kit Hot Wheels/Kit 01 - Essencial/Caixa Tubete Essencial/LLPC-F-C-T-hot-wheels-verso-LLPC-CL-MT-E-ou-LLPC-CL-PM-E.jpg","LLPC-F-C-T-hot-wheels-verso-LLPC-CL-MT-E-ou-LLPC-CL-PM-E.jpg"
"Kit Hot Wheels/Kit Hot Wheels/Kit 01 - Essencial/Forminha Essencial/LLPC-F-C-hot-wheels-hero-LLPC-F-C.jpg","LLPC-F-C-hot-wheels-hero-LLPC-F-C.jpg"
"Kit Hot Wheels/Kit Hot Wheels/Kit 01 - Essencial/Forminha Essencial/LLPC-F-C-hot-wheels-verso-LLPC-F-C.jpg","LLPC-F-C-hot-wheels-verso-LLPC-F-C.jpg"
"Kit Hot Wheels/Kit Hot Wheels/Kit 01 - Essencial/Topo de Bolo Essencial/LLPC-TB-E-hot-wheels-angulo3-4-LLPC-TB-E.jpg","LLPC-TB-E-hot-wheels-angulo3-4-LLPC-TB-E.jpg"
"Kit Hot Wheels/Kit Hot Wheels/Kit 01 - Essencial/Topo de Bolo Essencial/LLPC-TB-E-hot-wheels-detalhe-LLPC-TB-E.jpg","LLPC-TB-E-hot-wheels-detalhe-LLPC-TB-E.jpg"
"Kit Hot Wheels/Kit Hot Wheels/Kit 01 - Essencial/Topo de Bolo Essencial/LLPC-TB-E-hot-wheels-escala-LLPC-TB-E.jpg","LLPC-TB-E-hot-wheels-escala-LLPC-TB-E.jpg"
"Kit Hot Wheels/Kit Hot Wheels/Kit 01 - Essencial/Topo de Bolo Essencial/LLPC-TB-E-hot-wheels-hero-LLPC-TB-E.jpg","LLPC-TB-E-hot-wheels-hero-LLPC-TB-E.jpg"
"Kit Hot Wheels/Kit Hot Wheels/Kit 01 - Essencial/Topo de Bolo Essencial/LLPC-TB-E-hot-wheels-variacao-LLPC-TB-E.jpg","LLPC-TB-E-hot-wheels-variacao-LLPC-TB-E.jpg"
"Kit Hot Wheels/Kit Hot Wheels/Kit 01 - Essencial/Topo de Bolo Essencial/LLPC-TB-E-hot-wheels-verso-LLPC-TB-E.jpg","LLPC-TB-E-hot-wheels-verso-LLPC-TB-E.jpg"
"Kit Hot Wheels/Kit Hot Wheels/Kit 01 - Essencial/Topper Essencial/LLPC-TT-C-hot-wheels-hero-LLPC-TT-C.jpg","LLPC-TT-C-hot-wheels-hero-LLPC-TT-C.jpg"
"Kit Hot Wheels/Kit Hot Wheels/Kit 01 - Essencial/Topper Essencial/LLPC-TT-C-hot-wheels-verso-LLPC-TT-C.jpg","LLPC-TT-C-hot-wheels-verso-LLPC-TT-C.jpg"
"Kit Hot Wheels/Kit Hot Wheels/Kit 02 - Clássico/LLPC-C-C-hot-wheels-hero-LLPC-CL-MT-C+LLPC-CL-MT-C+LLPC-CL-MT-C+LLPC-CL-MT-C+LLPC-TB-C+LLPC-TT-C+LLPC-F-C.jpg","LLPC-C-C-hot-wheels-hero-LLPC-CL-MT-C+LLPC-CL-MT-C+LLPC-CL-MT-C+LLPC-CL-MT-C+LLPC-TB-C+LLPC-TT-C+LLPC-F-C.jpg"
"Kit Hot Wheels/Kit Hot Wheels/Kit 02 - Clássico/LLPC-C-C-hot-wheels-hero-LLPC-CL-PM-C+LLPC-CL-PM-C+LLPC-CL-PM-C+LLPC-CL-PM-C+LLPC-TB-C+LLPC-TT-C+LLPC-F-C.jpg","LLPC-C-C-hot-wheels-hero-LLPC-CL-PM-C+LLPC-CL-PM-C+LLPC-CL-PM-C+LLPC-CL-PM-C+LLPC-TB-C+LLPC-TT-C+LLPC-F-C.jpg"
"Kit Hot Wheels/Kit Hot Wheels/Kit 02 - Clássico/Caixa Milk Clássico/LLPC-CL-C-MK-hot-wheels-angulo3-4-LLPC-CL-MT-C-ou-LLPC-CL-PM-C.jpg","LLPC-CL-C-MK-hot-wheels-angulo3-4-LLPC-CL-MT-C-ou-LLPC-CL-PM-C.jpg"
"Kit Hot Wheels/Kit Hot Wheels/Kit 02 - Clássico/Caixa Milk Clássico/LLPC-CL-C-MK-hot-wheels-detalhe-LLPC-CL-MT-C-ou-LLPC-CL-PM-C.jpg","LLPC-CL-C-MK-hot-wheels-detalhe-LLPC-CL-MT-C-ou-LLPC-CL-PM-C.jpg"
"Kit Hot Wheels/Kit Hot Wheels/Kit 02 - Clássico/Caixa Milk Clássico/LLPC-CL-C-MK-hot-wheels-escala-LLPC-CL-MT-C-ou-LLPC-CL-PM-C.jpg","LLPC-CL-C-MK-hot-wheels-escala-LLPC-CL-MT-C-ou-LLPC-CL-PM-C.jpg"
"Kit Hot Wheels/Kit Hot Wheels/Kit 02 - Clássico/Caixa Milk Clássico/LLPC-CL-C-MK-hot-wheels-hero-LLPC-CL-MT-C-ou-LLPC-CL-PM-C.jpg","LLPC-CL-C-MK-hot-wheels-hero-LLPC-CL-MT-C-ou-LLPC-CL-PM-C.jpg"
"Kit Hot Wheels/Kit Hot Wheels/Kit 02 - Clássico/Caixa Milk Clássico/LLPC-CL-C-MK-hot-wheels-variacao-LLPC-CL-MT-C-ou-LLPC-CL-PM-C.jpg","LLPC-CL-C-MK-hot-wheels-variacao-LLPC-CL-MT-C-ou-LLPC-CL-PM-C.jpg"
"Kit Hot Wheels/Kit Hot Wheels/Kit 02 - Clássico/Caixa Milk Clássico/LLPC-CL-C-MK-hot-wheels-verso-LLPC-CL-MT-C-ou-LLPC-CL-PM-C.jpg","LLPC-CL-C-MK-hot-wheels-verso-LLPC-CL-MT-C-ou-LLPC-CL-PM-C.jpg"
"Kit Hot Wheels/Kit Hot Wheels/Kit 02 - Clássico/Caixa Pirâmide Clássico/LLPC-CL-C-P-hot-wheels-angulo3-4-LLPC-CL-MT-C-ou-LLPC-CL-PM-C.jpg","LLPC-CL-C-P-hot-wheels-angulo3-4-LLPC-CL-MT-C-ou-LLPC-CL-PM-C.jpg"
"Kit Hot Wheels/Kit Hot Wheels/Kit 02 - Clássico/Caixa Pirâmide Clássico/LLPC-CL-C-P-hot-wheels-detalhe-LLPC-CL-MT-C-ou-LLPC-CL-PM-C.jpg","LLPC-CL-C-P-hot-wheels-detalhe-LLPC-CL-MT-C-ou-LLPC-CL-PM-C.jpg"
"Kit Hot Wheels/Kit Hot Wheels/Kit 02 - Clássico/Caixa Pirâmide Clássico/LLPC-CL-C-P-hot-wheels-escala-LLPC-CL-MT-C-ou-LLPC-CL-PM-C.jpg","LLPC-CL-C-P-hot-wheels-escala-LLPC-CL-MT-C-ou-LLPC-CL-PM-C.jpg"
"Kit Hot Wheels/Kit Hot Wheels/Kit 02 - Clássico/Caixa Pirâmide Clássico/LLPC-CL-C-P-hot-wheels-hero-LLPC-CL-MT-C-ou-LLPC-CL-PM-C.jpg","LLPC-CL-C-P-hot-wheels-hero-LLPC-CL-MT-C-ou-LLPC-CL-PM-C.jpg"
"Kit Hot Wheels/Kit Hot Wheels/Kit 02 - Clássico/Caixa Pirâmide Clássico/LLPC-CL-C-P-hot-wheels-variacao-LLPC-CL-MT-C-ou-LLPC-CL-PM-C.jpg","LLPC-CL-C-P-hot-wheels-variacao-LLPC-CL-MT-C-ou-LLPC-CL-PM-C.jpg"
"Kit Hot Wheels/Kit Hot Wheels/Kit 02 - Clássico/Caixa Pirâmide Clássico/LLPC-CL-C-P-hot-wheels-verso-LLPC-CL-MT-C-ou-LLPC-CL-PM-C.jpg","LLPC-CL-C-P-hot-wheels-verso-LLPC-CL-MT-C-ou-LLPC-CL-PM-C.jpg"
"Kit Hot Wheels/Kit Hot Wheels/Kit 02 - Clássico/Caixa Sacolinha Clássico/LLPC-CL-C-CS-hot-wheels-angulo3-4-LLPC-CL-MT-C-ou-LLPC-CL-PM-C.jpg","LLPC-CL-C-CS-hot-wheels-angulo3-4-LLPC-CL-MT-C-ou-LLPC-CL-PM-C.jpg"
"Kit Hot Wheels/Kit Hot Wheels/Kit 02 - Clássico/Caixa Sacolinha Clássico/LLPC-CL-C-CS-hot-wheels-detalhe-LLPC-CL-MT-C-ou-LLPC-CL-PM-C.jpg","LLPC-CL-C-CS-hot-wheels-detalhe-LLPC-CL-MT-C-ou-LLPC-CL-PM-C.jpg"
"Kit Hot Wheels/Kit Hot Wheels/Kit 02 - Clássico/Caixa Sacolinha Clássico/LLPC-CL-C-CS-hot-wheels-escala-LLPC-CL-MT-C-ou-LLPC-CL-PM-C.jpg","LLPC-CL-C-CS-hot-wheels-escala-LLPC-CL-MT-C-ou-LLPC-CL-PM-C.jpg"
"Kit Hot Wheels/Kit Hot Wheels/Kit 02 - Clássico/Caixa Sacolinha Clássico/LLPC-CL-C-CS-hot-wheels-hero-LLPC-CL-MT-C-ou-LLPC-CL-PM-C.jpg","LLPC-CL-C-CS-hot-wheels-hero-LLPC-CL-MT-C-ou-LLPC-CL-PM-C.jpg"
"Kit Hot Wheels/Kit Hot Wheels/Kit 02 - Clássico/Caixa Sacolinha Clássico/LLPC-CL-C-CS-hot-wheels-variacao-LLPC-CL-MT-C-ou-LLPC-CL-PM-C.jpg","LLPC-CL-C-CS-hot-wheels-variacao-LLPC-CL-MT-C-ou-LLPC-CL-PM-C.jpg"
"Kit Hot Wheels/Kit Hot Wheels/Kit 02 - Clássico/Caixa Sacolinha Clássico/LLPC-CL-C-CS-hot-wheels-verso-LLPC-CL-MT-C-ou-LLPC-CL-PM-C.jpg","LLPC-CL-C-CS-hot-wheels-verso-LLPC-CL-MT-C-ou-LLPC-CL-PM-C.jpg"
"Kit Hot Wheels/Kit Hot Wheels/Kit 02 - Clássico/Caixa Tubete Clássico/LLPC-CL-C-T-hot-wheels-angulo3-4-LLPC-CL-MT-C-ou-LLPC-CL-PM-C.jpg","LLPC-CL-C-T-hot-wheels-angulo3-4-LLPC-CL-MT-C-ou-LLPC-CL-PM-C.jpg"
"Kit Hot Wheels/Kit Hot Wheels/Kit 02 - Clássico/Caixa Tubete Clássico/LLPC-CL-C-T-hot-wheels-detalhe-LLPC-CL-MT-C-ou-LLPC-CL-PM-C.jpg","LLPC-CL-C-T-hot-wheels-detalhe-LLPC-CL-MT-C-ou-LLPC-CL-PM-C.jpg"
"Kit Hot Wheels/Kit Hot Wheels/Kit 02 - Clássico/Caixa Tubete Clássico/LLPC-CL-C-T-hot-wheels-escala-LLPC-CL-MT-C-ou-LLPC-CL-PM-C.jpg","LLPC-CL-C-T-hot-wheels-escala-LLPC-CL-MT-C-ou-LLPC-CL-PM-C.jpg"
"Kit Hot Wheels/Kit Hot Wheels/Kit 02 - Clássico/Caixa Tubete Clássico/LLPC-CL-C-T-hot-wheels-frontal-LLPC-CL-MT-C-ou-LLPC-CL-PM-C.jpg","LLPC-CL-C-T-hot-wheels-frontal-LLPC-CL-MT-C-ou-LLPC-CL-PM-C.jpg"
"Kit Hot Wheels/Kit Hot Wheels/Kit 02 - Clássico/Caixa Tubete Clássico/LLPC-CL-C-T-hot-wheels-hero-LLPC-CL-MT-C-ou-LLPC-CL-PM-C.jpg","LLPC-CL-C-T-hot-wheels-hero-LLPC-CL-MT-C-ou-LLPC-CL-PM-C.jpg"
"Kit Hot Wheels/Kit Hot Wheels/Kit 02 - Clássico/Caixa Tubete Clássico/LLPC-CL-C-T-hot-wheels-verso-LLPC-CL-MT-C-ou-LLPC-CL-PM-C.jpg","LLPC-CL-C-T-hot-wheels-verso-LLPC-CL-MT-C-ou-LLPC-CL-PM-C.jpg"
"Kit Hot Wheels/Kit Hot Wheels/Kit 02 - Clássico/Topo de Bolo Clássico/LLPC-TB-C-hot-wheels-angulo3-4-LLPC-TB-C.jpg","LLPC-TB-C-hot-wheels-angulo3-4-LLPC-TB-C.jpg"
"Kit Hot Wheels/Kit Hot Wheels/Kit 02 - Clássico/Topo de Bolo Clássico/LLPC-TB-C-hot-wheels-detalhe-LLPC-TB-C.jpg","LLPC-TB-C-hot-wheels-detalhe-LLPC-TB-C.jpg"
"Kit Hot Wheels/Kit Hot Wheels/Kit 02 - Clássico/Topo de Bolo Clássico/LLPC-TB-C-hot-wheels-escala-LLPC-TB-C.jpg","LLPC-TB-C-hot-wheels-escala-LLPC-TB-C.jpg"
"Kit Hot Wheels/Kit Hot Wheels/Kit 02 - Clássico/Topo de Bolo Clássico/LLPC-TB-C-hot-wheels-hero-LLPC-TB-C.jpg","LLPC-TB-C-hot-wheels-hero-LLPC-TB-C.jpg"
"Kit Hot Wheels/Kit Hot Wheels/Kit 02 - Clássico/Topo de Bolo Clássico/LLPC-TB-C-hot-wheels-variacao-LLPC-TB-C.jpg","LLPC-TB-C-hot-wheels-variacao-LLPC-TB-C.jpg"
"Kit Hot Wheels/Kit Hot Wheels/Kit 02 - Clássico/Topo de Bolo Clássico/LLPC-TB-C-hot-wheels-verso-LLPC-TB-C.jpg","LLPC-TB-C-hot-wheels-verso-LLPC-TB-C.jpg"
"Kit Hot Wheels/Kit Hot Wheels/Kit 03 - Premium/LLPC-C-P-hot-wheels-hero-LLPC-CL-MT-P+LLPC-CL-MT-P+LLPC-CL-MT-P+LLPC-CL-MT-P+LLPC-TB-P+LLPC-TT-C+LLPC-F-C.jpg","LLPC-C-P-hot-wheels-hero-LLPC-CL-MT-P+LLPC-CL-MT-P+LLPC-CL-MT-P+LLPC-CL-MT-P+LLPC-TB-P+LLPC-TT-C+LLPC-F-C.jpg"
"Kit Hot Wheels/Kit Hot Wheels/Kit 03 - Premium/LLPC-C-P-hot-wheels-hero-LLPC-CL-PM-P+LLPC-CL-PM-P+LLPC-CL-PM-P+LLPC-CL-PM-P+LLPC-TB-P+LLPC-TT-C+LLPC-F-C.jpg","LLPC-C-P-hot-wheels-hero-LLPC-CL-PM-P+LLPC-CL-PM-P+LLPC-CL-PM-P+LLPC-CL-PM-P+LLPC-TB-P+LLPC-TT-C+LLPC-F-C.jpg"
"Kit Hot Wheels/Kit Hot Wheels/Kit 03 - Premium/Caixa Bala Premium/LLPC-CL-P-BL-hot-wheels-angulo3-4-LLPC-CL-MT-P-ou-LLPC-CL-PM-P.jpg","LLPC-CL-P-BL-hot-wheels-angulo3-4-LLPC-CL-MT-P-ou-LLPC-CL-PM-P.jpg"
"Kit Hot Wheels/Kit Hot Wheels/Kit 03 - Premium/Caixa Bala Premium/LLPC-CL-P-BL-hot-wheels-detalhe-LLPC-CL-MT-P-ou-LLPC-CL-PM-P.jpg","LLPC-CL-P-BL-hot-wheels-detalhe-LLPC-CL-MT-P-ou-LLPC-CL-PM-P.jpg"
"Kit Hot Wheels/Kit Hot Wheels/Kit 03 - Premium/Caixa Bala Premium/LLPC-CL-P-BL-hot-wheels-escala-LLPC-CL-MT-P-ou-LLPC-CL-PM-P.jpg","LLPC-CL-P-BL-hot-wheels-escala-LLPC-CL-MT-P-ou-LLPC-CL-PM-P.jpg"
"Kit Hot Wheels/Kit Hot Wheels/Kit 03 - Premium/Caixa Bala Premium/LLPC-CL-P-BL-hot-wheels-hero-LLPC-CL-MT-P-ou-LLPC-CL-PM-P.jpg","LLPC-CL-P-BL-hot-wheels-hero-LLPC-CL-MT-P-ou-LLPC-CL-PM-P.jpg"
"Kit Hot Wheels/Kit Hot Wheels/Kit 03 - Premium/Caixa Pirâmide Premium/LLPC-CL-P-P-hot-wheels-angulo3-4-LLPC-CL-MT-P-ou-LLPC-CL-PM-P.jpg","LLPC-CL-P-P-hot-wheels-angulo3-4-LLPC-CL-MT-P-ou-LLPC-CL-PM-P.jpg"
"Kit Hot Wheels/Kit Hot Wheels/Kit 03 - Premium/Caixa Pirâmide Premium/LLPC-CL-P-P-hot-wheels-detalhe-LLPC-CL-MT-P-ou-LLPC-CL-PM-P.jpg","LLPC-CL-P-P-hot-wheels-detalhe-LLPC-CL-MT-P-ou-LLPC-CL-PM-P.jpg"
"Kit Hot Wheels/Kit Hot Wheels/Kit 03 - Premium/Caixa Pirâmide Premium/LLPC-CL-P-P-hot-wheels-escala-LLPC-CL-MT-P-ou-LLPC-CL-PM-P.jpg","LLPC-CL-P-P-hot-wheels-escala-LLPC-CL-MT-P-ou-LLPC-CL-PM-P.jpg"
"Kit Hot Wheels/Kit Hot Wheels/Kit 03 - Premium/Caixa Pirâmide Premium/LLPC-CL-P-P-hot-wheels-frontal-LLPC-CL-MT-P-ou-LLPC-CL-PM-P.jpg","LLPC-CL-P-P-hot-wheels-frontal-LLPC-CL-MT-P-ou-LLPC-CL-PM-P.jpg"
"Kit Hot Wheels/Kit Hot Wheels/Kit 03 - Premium/Caixa Pirâmide Premium/LLPC-CL-P-P-hot-wheels-hero-LLPC-CL-MT-P-ou-LLPC-CL-PM-P.jpg","LLPC-CL-P-P-hot-wheels-hero-LLPC-CL-MT-P-ou-LLPC-CL-PM-P.jpg"
"Kit Hot Wheels/Kit Hot Wheels/Kit 03 - Premium/Caixa Pirâmide Premium/LLPC-CL-P-P-hot-wheels-verso-LLPC-CL-MT-P-ou-LLPC-CL-PM-P.jpg","LLPC-CL-P-P-hot-wheels-verso-LLPC-CL-MT-P-ou-LLPC-CL-PM-P.jpg"
"Kit Hot Wheels/Kit Hot Wheels/Kit 03 - Premium/Caixa Sacolinha Premium/LLPC-CL-P-CS-hot-wheels-angulo3-4-LLPC-CL-MT-P-ou-LLPC-CL-PM-P.jpg","LLPC-CL-P-CS-hot-wheels-angulo3-4-LLPC-CL-MT-P-ou-LLPC-CL-PM-P.jpg"
"Kit Hot Wheels/Kit Hot Wheels/Kit 03 - Premium/Caixa Sacolinha Premium/LLPC-CL-P-CS-hot-wheels-detalhe-LLPC-CL-MT-P-ou-LLPC-CL-PM-P.jpg","LLPC-CL-P-CS-hot-wheels-detalhe-LLPC-CL-MT-P-ou-LLPC-CL-PM-P.jpg"
"Kit Hot Wheels/Kit Hot Wheels/Kit 03 - Premium/Caixa Sacolinha Premium/LLPC-CL-P-CS-hot-wheels-escala-LLPC-CL-MT-P-ou-LLPC-CL-PM-P.jpg","LLPC-CL-P-CS-hot-wheels-escala-LLPC-CL-MT-P-ou-LLPC-CL-PM-P.jpg"
"Kit Hot Wheels/Kit Hot Wheels/Kit 03 - Premium/Caixa Sacolinha Premium/LLPC-CL-P-CS-hot-wheels-hero-LLPC-CL-MT-P-ou-LLPC-CL-PM-P.jpg","LLPC-CL-P-CS-hot-wheels-hero-LLPC-CL-MT-P-ou-LLPC-CL-PM-P.jpg"
"Kit Hot Wheels/Kit Hot Wheels/Kit 03 - Premium/Caixa Sacolinha Premium/LLPC-CL-P-CS-hot-wheels-variacao-LLPC-CL-MT-P-ou-LLPC-CL-PM-P.jpg","LLPC-CL-P-CS-hot-wheels-variacao-LLPC-CL-MT-P-ou-LLPC-CL-PM-P.jpg"
"Kit Hot Wheels/Kit Hot Wheels/Kit 03 - Premium/Caixa Sacolinha Premium/LLPC-CL-P-CS-hot-wheels-verso-LLPC-CL-MT-P-ou-LLPC-CL-PM-P.jpg","LLPC-CL-P-CS-hot-wheels-verso-LLPC-CL-MT-P-ou-LLPC-CL-PM-P.jpg"
"Kit Hot Wheels/Kit Hot Wheels/Kit 03 - Premium/Caixa Tubete Premium/LLPC-CL-P-T-hot-wheels-angulo3-4-LLPC-CL-MT-P-ou-LLPC-CL-PM-P.jpg","LLPC-CL-P-T-hot-wheels-angulo3-4-LLPC-CL-MT-P-ou-LLPC-CL-PM-P.jpg"
"Kit Hot Wheels/Kit Hot Wheels/Kit 03 - Premium/Caixa Tubete Premium/LLPC-CL-P-T-hot-wheels-detalhe-LLPC-CL-MT-P-ou-LLPC-CL-PM-P.jpg","LLPC-CL-P-T-hot-wheels-detalhe-LLPC-CL-MT-P-ou-LLPC-CL-PM-P.jpg"
"Kit Hot Wheels/Kit Hot Wheels/Kit 03 - Premium/Caixa Tubete Premium/LLPC-CL-P-T-hot-wheels-escala-LLPC-CL-MT-P-ou-LLPC-CL-PM-P.jpg","LLPC-CL-P-T-hot-wheels-escala-LLPC-CL-MT-P-ou-LLPC-CL-PM-P.jpg"
"Kit Hot Wheels/Kit Hot Wheels/Kit 03 - Premium/Caixa Tubete Premium/LLPC-CL-P-T-hot-wheels-hero-LLPC-CL-MT-P-ou-LLPC-CL-PM-P.jpg","LLPC-CL-P-T-hot-wheels-hero-LLPC-CL-MT-P-ou-LLPC-CL-PM-P.jpg"
"Kit Hot Wheels/Kit Hot Wheels/Kit 03 - Premium/Caixa Tubete Premium/LLPC-CL-P-T-hot-wheels-variacao-LLPC-CL-MT-P-ou-LLPC-CL-PM-P.jpg","LLPC-CL-P-T-hot-wheels-variacao-LLPC-CL-MT-P-ou-LLPC-CL-PM-P.jpg"
"Kit Hot Wheels/Kit Hot Wheels/Kit 03 - Premium/Caixa Tubete Premium/LLPC-CL-P-T-hot-wheels-verso-LLPC-CL-MT-P-ou-LLPC-CL-PM-P.jpg","LLPC-CL-P-T-hot-wheels-verso-LLPC-CL-MT-P-ou-LLPC-CL-PM-P.jpg"
"Kit Hot Wheels/Kit Hot Wheels/Kit 03 - Premium/Topo de Bolo Premium/LLPC-TB-P-hot-wheels-angulo3-4-LLPC-TB-P.jpg","LLPC-TB-P-hot-wheels-angulo3-4-LLPC-TB-P.jpg"
"Kit Hot Wheels/Kit Hot Wheels/Kit 03 - Premium/Topo de Bolo Premium/LLPC-TB-P-hot-wheels-detalhe-LLPC-TB-P.jpg","LLPC-TB-P-hot-wheels-detalhe-LLPC-TB-P.jpg"
"Kit Hot Wheels/Kit Hot Wheels/Kit 03 - Premium/Topo de Bolo Premium/LLPC-TB-P-hot-wheels-escala-LLPC-TB-P.jpg","LLPC-TB-P-hot-wheels-escala-LLPC-TB-P.jpg"
"Kit Hot Wheels/Kit Hot Wheels/Kit 03 - Premium/Topo de Bolo Premium/LLPC-TB-P-hot-wheels-hero-LLPC-TB-P.jpg","LLPC-TB-P-hot-wheels-hero-LLPC-TB-P.jpg"
"Kit Hot Wheels/Kit Hot Wheels/Kit 03 - Premium/Topo de Bolo Premium/LLPC-TB-P-hot-wheels-variacao-LLPC-TB-P.jpg","LLPC-TB-P-hot-wheels-variacao-LLPC-TB-P.jpg"
"Kit Hot Wheels/Kit Hot Wheels/Kit 03 - Premium/Topo de Bolo Premium/LLPC-TB-P-hot-wheels-verso-LLPC-TB-P.jpg","LLPC-TB-P-hot-wheels-verso-LLPC-TB-P.jpg"
"Kit Hot Wheels/Kit Hot Wheels/Kit 04 - Luxo/LLPC-C-L-hot-wheels-hero-LLPC-TB-L+LLPC-CL-MT-L+LLPC-CL-MT-L+LLPC-CL-MT-L+LLPC-CL-MT-L+LLPC-B-L+LLPC-TT-C+LLPC-F-C.jpg","LLPC-C-L-hot-wheels-hero-LLPC-TB-L+LLPC-CL-MT-L+LLPC-CL-MT-L+LLPC-CL-MT-L+LLPC-CL-MT-L+LLPC-B-L+LLPC-TT-C+LLPC-F-C.jpg"
"Kit Hot Wheels/Kit Hot Wheels/Kit 04 - Luxo/LLPC-C-L-hot-wheels-hero-LLPC-TB-L+LLPC-CL-PM-L+LLPC-CL-PM-L+LLPC-CL-PM-L+LLPC-CL-PM-L+LLPC-TT-C+LLPC-F-C+LLPC-TB-L.jpg","LLPC-C-L-hot-wheels-hero-LLPC-TB-L+LLPC-CL-PM-L+LLPC-CL-PM-L+LLPC-CL-PM-L+LLPC-CL-PM-L+LLPC-TT-C+LLPC-F-C+LLPC-TB-L.jpg"
"Kit Hot Wheels/Kit Hot Wheels/Kit 04 - Luxo/Caixa Blister Luxo/LLPC-B-L-BT-hot-wheels-angulo3-4-LLPC-B-L.jpg","LLPC-B-L-BT-hot-wheels-angulo3-4-LLPC-B-L.jpg"
"Kit Hot Wheels/Kit Hot Wheels/Kit 04 - Luxo/Caixa Blister Luxo/LLPC-B-L-BT-hot-wheels-detalhe-LLPC-B-L.jpg","LLPC-B-L-BT-hot-wheels-detalhe-LLPC-B-L.jpg"
"Kit Hot Wheels/Kit Hot Wheels/Kit 04 - Luxo/Caixa Blister Luxo/LLPC-B-L-BT-hot-wheels-escala-LLPC-B-L.jpg","LLPC-B-L-BT-hot-wheels-escala-LLPC-B-L.jpg"
"Kit Hot Wheels/Kit Hot Wheels/Kit 04 - Luxo/Caixa Blister Luxo/LLPC-B-L-BT-hot-wheels-hero-LLPC-B-L.jpg","LLPC-B-L-BT-hot-wheels-hero-LLPC-B-L.jpg"
"Kit Hot Wheels/Kit Hot Wheels/Kit 04 - Luxo/Caixa Blister Luxo/LLPC-B-L-BT-hot-wheels-verso-LLPC-B-L.jpg","LLPC-B-L-BT-hot-wheels-verso-LLPC-B-L.jpg"
"Kit Hot Wheels/Kit Hot Wheels/Kit 04 - Luxo/Caixa Cenário Luxo/LLPC-CL-L-C-hot-wheels-angulo3-4-LLPC-CL-MT-L-ou-LLPC-CL-PM-L.jpg","LLPC-CL-L-C-hot-wheels-angulo3-4-LLPC-CL-MT-L-ou-LLPC-CL-PM-L.jpg"
"Kit Hot Wheels/Kit Hot Wheels/Kit 04 - Luxo/Caixa Cenário Luxo/LLPC-CL-L-C-hot-wheels-detalhe-LLPC-CL-MT-L-ou-LLPC-CL-PM-L.jpg","LLPC-CL-L-C-hot-wheels-detalhe-LLPC-CL-MT-L-ou-LLPC-CL-PM-L.jpg"
"Kit Hot Wheels/Kit Hot Wheels/Kit 04 - Luxo/Caixa Cenário Luxo/LLPC-CL-L-C-hot-wheels-escala-LLPC-CL-MT-L-ou-LLPC-CL-PM-L.jpg","LLPC-CL-L-C-hot-wheels-escala-LLPC-CL-MT-L-ou-LLPC-CL-PM-L.jpg"
"Kit Hot Wheels/Kit Hot Wheels/Kit 04 - Luxo/Caixa Cenário Luxo/LLPC-CL-L-C-hot-wheels-hero-LLPC-CL-MT-L-ou-LLPC-CL-PM-L.jpg","LLPC-CL-L-C-hot-wheels-hero-LLPC-CL-MT-L-ou-LLPC-CL-PM-L.jpg"
"Kit Hot Wheels/Kit Hot Wheels/Kit 04 - Luxo/Caixa Cenário Luxo/LLPC-CL-L-C-hot-wheels-variacao-LLPC-CL-MT-L-ou-LLPC-CL-PM-L.jpg","LLPC-CL-L-C-hot-wheels-variacao-LLPC-CL-MT-L-ou-LLPC-CL-PM-L.jpg"
"Kit Hot Wheels/Kit Hot Wheels/Kit 04 - Luxo/Caixa Cenário Luxo/LLPC-CL-L-C-hot-wheels-verso-LLPC-CL-MT-L-ou-LLPC-CL-PM-L.jpg","LLPC-CL-L-C-hot-wheels-verso-LLPC-CL-MT-L-ou-LLPC-CL-PM-L.jpg"
"Kit Hot Wheels/Kit Hot Wheels/Kit 04 - Luxo/Caixa Milk Luxo/LLPC-CL-L-MK-hot-wheels-angulo3-4-LLPC-CL-MT-L-ou-LLPC-CL-PM-L.jpg","LLPC-CL-L-MK-hot-wheels-angulo3-4-LLPC-CL-MT-L-ou-LLPC-CL-PM-L.jpg"
"Kit Hot Wheels/Kit Hot Wheels/Kit 04 - Luxo/Caixa Milk Luxo/LLPC-CL-L-MK-hot-wheels-detalhe-LLPC-CL-MT-L-ou-LLPC-CL-PM-L.jpg","LLPC-CL-L-MK-hot-wheels-detalhe-LLPC-CL-MT-L-ou-LLPC-CL-PM-L.jpg"
"Kit Hot Wheels/Kit Hot Wheels/Kit 04 - Luxo/Caixa Milk Luxo/LLPC-CL-L-MK-hot-wheels-escala-LLPC-CL-MT-L-ou-LLPC-CL-PM-L.jpg","LLPC-CL-L-MK-hot-wheels-escala-LLPC-CL-MT-L-ou-LLPC-CL-PM-L.jpg"
"Kit Hot Wheels/Kit Hot Wheels/Kit 04 - Luxo/Caixa Milk Luxo/LLPC-CL-L-MK-hot-wheels-hero-LLPC-CL-MT-L-ou-LLPC-CL-PM-L.jpg","LLPC-CL-L-MK-hot-wheels-hero-LLPC-CL-MT-L-ou-LLPC-CL-PM-L.jpg"
"Kit Hot Wheels/Kit Hot Wheels/Kit 04 - Luxo/Caixa Milk Luxo/LLPC-CL-L-MK-hot-wheels-variacao-LLPC-CL-MT-L-ou-LLPC-CL-PM-L.jpg","LLPC-CL-L-MK-hot-wheels-variacao-LLPC-CL-MT-L-ou-LLPC-CL-PM-L.jpg"
"Kit Hot Wheels/Kit Hot Wheels/Kit 04 - Luxo/Caixa Milk Luxo/LLPC-CL-L-MK-hot-wheels-verso-LLPC-CL-MT-L-ou-LLPC-CL-PM-L.jpg","LLPC-CL-L-MK-hot-wheels-verso-LLPC-CL-MT-L-ou-LLPC-CL-PM-L.jpg"
"Kit Hot Wheels/Kit Hot Wheels/Kit 04 - Luxo/Caixa Pirâmide Shaker Luxo/LLPC-CL-L-PS-hot-wheels-angulo3-4-LLPC-CL-MT-L-ou-LLPC-CL-PM-L.jpg","LLPC-CL-L-PS-hot-wheels-angulo3-4-LLPC-CL-MT-L-ou-LLPC-CL-PM-L.jpg"
"Kit Hot Wheels/Kit Hot Wheels/Kit 04 - Luxo/Caixa Pirâmide Shaker Luxo/LLPC-CL-L-PS-hot-wheels-detalhe-LLPC-CL-MT-L-ou-LLPC-CL-PM-L.jpg","LLPC-CL-L-PS-hot-wheels-detalhe-LLPC-CL-MT-L-ou-LLPC-CL-PM-L.jpg"
"Kit Hot Wheels/Kit Hot Wheels/Kit 04 - Luxo/Caixa Pirâmide Shaker Luxo/LLPC-CL-L-PS-hot-wheels-escala-LLPC-CL-MT-L-ou-LLPC-CL-PM-L.jpg","LLPC-CL-L-PS-hot-wheels-escala-LLPC-CL-MT-L-ou-LLPC-CL-PM-L.jpg"
"Kit Hot Wheels/Kit Hot Wheels/Kit 04 - Luxo/Caixa Pirâmide Shaker Luxo/LLPC-CL-L-PS-hot-wheels-hero-LLPC-CL-MT-L-ou-LLPC-CL-PM-L.jpg","LLPC-CL-L-PS-hot-wheels-hero-LLPC-CL-MT-L-ou-LLPC-CL-PM-L.jpg"
"Kit Hot Wheels/Kit Hot Wheels/Kit 04 - Luxo/Caixa Pirâmide Shaker Luxo/LLPC-CL-L-PS-hot-wheels-variacao-LLPC-CL-MT-L-ou-LLPC-CL-PM-L.jpg","LLPC-CL-L-PS-hot-wheels-variacao-LLPC-CL-MT-L-ou-LLPC-CL-PM-L.jpg"
"Kit Hot Wheels/Kit Hot Wheels/Kit 04 - Luxo/Caixa Pirâmide Shaker Luxo/LLPC-CL-L-PS-hot-wheels-verso-LLPC-CL-MT-L-ou-LLPC-CL-PM-L.jpg","LLPC-CL-L-PS-hot-wheels-verso-LLPC-CL-MT-L-ou-LLPC-CL-PM-L.jpg"
"Kit Hot Wheels/Kit Hot Wheels/Kit 04 - Luxo/Maleta Ferramentas Luxo/LLPC-CL-L-MF-hot-wheels-angulo3-4-LLPC-CL-MT-L-ou-LLPC-CL-PM-L.jpg","LLPC-CL-L-MF-hot-wheels-angulo3-4-LLPC-CL-MT-L-ou-LLPC-CL-PM-L.jpg"
"Kit Hot Wheels/Kit Hot Wheels/Kit 04 - Luxo/Maleta Ferramentas Luxo/LLPC-CL-L-MF-hot-wheels-hero-LLPC-CL-MT-L-ou-LLPC-CL-PM-L.jpg","LLPC-CL-L-MF-hot-wheels-hero-LLPC-CL-MT-L-ou-LLPC-CL-PM-L.jpg"
"Kit Hot Wheels/Kit Hot Wheels/Kit 04 - Luxo/Maleta Ferramentas Luxo/LLPC-CL-L-MF-hot-wheels-verso-LLPC-CL-MT-L-ou-LLPC-CL-PM-L.jpg","LLPC-CL-L-MF-hot-wheels-verso-LLPC-CL-MT-L-ou-LLPC-CL-PM-L.jpg"
"Kit Hot Wheels/Kit Hot Wheels/Kit 04 - Luxo/Topo de Bolo Luxo/LLPC-TB-L-hot-wheels-angulo3-4-LLPC-TB-L.jpg","LLPC-TB-L-hot-wheels-angulo3-4-LLPC-TB-L.jpg"
"Kit Hot Wheels/Kit Hot Wheels/Kit 04 - Luxo/Topo de Bolo Luxo/LLPC-TB-L-hot-wheels-detalhe-LLPC-TB-L.jpg","LLPC-TB-L-hot-wheels-detalhe-LLPC-TB-L.jpg"
"Kit Hot Wheels/Kit Hot Wheels/Kit 04 - Luxo/Topo de Bolo Luxo/LLPC-TB-L-hot-wheels-escala-LLPC-TB-L.jpg","LLPC-TB-L-hot-wheels-escala-LLPC-TB-L.jpg"
"Kit Hot Wheels/Kit Hot Wheels/Kit 04 - Luxo/Topo de Bolo Luxo/LLPC-TB-L-hot-wheels-hero-LLPC-TB-L.jpg","LLPC-TB-L-hot-wheels-hero-LLPC-TB-L.jpg"
"Kit Hot Wheels/Kit Hot Wheels/Kit 04 - Luxo/Topo de Bolo Luxo/LLPC-TB-L-hot-wheels-variacao-LLPC-TB-L.jpg","LLPC-TB-L-hot-wheels-variacao-LLPC-TB-L.jpg"
"Kit Hot Wheels/Kit Hot Wheels/Kit 04 - Luxo/Topo de Bolo Luxo/LLPC-TB-L-hot-wheels-verso-LLPC-TB-L.jpg","LLPC-TB-L-hot-wheels-verso-LLPC-TB-L.jpg"
